-- --------------------------------------------------------
-- 호스트:                          3.36.49.93
-- 서버 버전:                        10.3.35-MariaDB-1:10.3.35+maria~bionic - mariadb.org binary distribution
-- 서버 OS:                        debian-linux-gnu
-- HeidiSQL 버전:                  11.3.0.6295
-- --------------------------------------------------------

/*!40101 SET @OLD_CHARACTER_SET_CLIENT=@@CHARACTER_SET_CLIENT */;
/*!40101 SET NAMES utf8 */;
/*!50503 SET NAMES utf8mb4 */;
/*!40014 SET @OLD_FOREIGN_KEY_CHECKS=@@FOREIGN_KEY_CHECKS, FOREIGN_KEY_CHECKS=0 */;
/*!40101 SET @OLD_SQL_MODE=@@SQL_MODE, SQL_MODE='NO_AUTO_VALUE_ON_ZERO' */;
/*!40111 SET @OLD_SQL_NOTES=@@SQL_NOTES, SQL_NOTES=0 */;


-- lms 데이터베이스 구조 내보내기
CREATE DATABASE IF NOT EXISTS `lms` /*!40100 DEFAULT CHARACTER SET utf8 */;
USE `lms`;

-- 테이블 lms.admin 구조 내보내기
CREATE TABLE IF NOT EXISTS `admin` (
  `member_id` varchar(50) NOT NULL,
  `admin_name` varchar(50) NOT NULL,
  `admin_phone` varchar(50) NOT NULL,
  `admin_address` varchar(200) NOT NULL,
  `admin_detailaddress` varchar(50) NOT NULL,
  `admin_email` varchar(50) NOT NULL,
  `update_date` datetime NOT NULL,
  PRIMARY KEY (`member_id`)
) ENGINE=InnoDB DEFAULT CHARSET=utf8;

-- 테이블 데이터 lms.admin:~4 rows (대략적) 내보내기
/*!40000 ALTER TABLE `admin` DISABLE KEYS */;
INSERT INTO `admin` (`member_id`, `admin_name`, `admin_phone`, `admin_address`, `admin_detailaddress`, `admin_email`, `update_date`) VALUES
	('admin', '메인운영자', '01012345678', '서울특별시구로구가리봉동124-38현대자동차AS센타', '상세주소 ', 'javajoy@naver.com', '2022-07-12 15:05:01'),
	('admin1', '이규남', '01029928815', '경기도수원시영통구망포동728힐스테이트영통아파트', '힐스테이트 841-1402', 'GN35651@gmail.com', '2022-07-12 15:13:11'),
	('admin2', '박범진', '01012341234', '경기도부천시심곡동145-6부천역푸르지오시티', '부천역 버스킹 광장', 'adas1@anver.com', '2022-07-12 15:14:09'),
	('king', '내가왕', '01053473687', '서울특별시구로구천왕동산19-1천왕이펜하우스8단지', '101호 (비밀번호 12341234)', 'king@gmail.com', '2022-07-12 15:38:14');
/*!40000 ALTER TABLE `admin` ENABLE KEYS */;

-- 테이블 lms.board 구조 내보내기
CREATE TABLE IF NOT EXISTS `board` (
  `board_no` int(11) NOT NULL AUTO_INCREMENT,
  `member_id` varchar(50) NOT NULL,
  `board_category` enum('1','2','3') NOT NULL COMMENT '1. 전체공지사항 2.자유게시판 3. 문의사항',
  `board_title` varchar(50) NOT NULL,
  `board_content` text NOT NULL,
  `private_no` enum('1','2','3') NOT NULL DEFAULT '1' COMMENT '1:기능없음, 2:익명성, 3:비밀글',
  `create_date` datetime NOT NULL,
  `update_date` datetime NOT NULL,
  PRIMARY KEY (`board_no`)
) ENGINE=InnoDB AUTO_INCREMENT=44 DEFAULT CHARSET=utf8;

-- 테이블 데이터 lms.board:~27 rows (대략적) 내보내기
/*!40000 ALTER TABLE `board` DISABLE KEYS */;
INSERT INTO `board` (`board_no`, `member_id`, `board_category`, `board_title`, `board_content`, `private_no`, `create_date`, `update_date`) VALUES
	(1, 'admin2', '1', '자바조이 공지사항 1', '안녕하세요 운영자 박범진입니다 감사합니다 ^^', '1', '2022-07-12 15:15:31', '2022-07-12 15:15:31'),
	(2, 'admin2', '1', '나는 박범진입니다', '<p>반갑습니다</p>', '1', '2022-07-12 15:15:41', '2022-07-12 15:15:41'),
	(3, 'admin2', '1', '취업률 1위 자바조이', '<p>ㅎㅇ</p>', '1', '2022-07-12 15:15:53', '2022-07-12 15:15:53'),
	(4, 'admin2', '1', '자바조이는 짱이다', '<p>ㅎㅇㅎㅇ</p>', '1', '2022-07-12 15:16:04', '2022-07-12 15:16:04'),
	(5, 'admin2', '1', 'Spring 웹 프로젝트', '<p>스프링은 짱이다</p>', '1', '2022-07-12 15:16:30', '2022-07-12 15:16:30'),
	(7, 'admin2', '2', '나는 운영자다 ', '반갑다 여러분', '1', '2022-07-12 15:18:25', '2022-07-12 15:18:25'),
	(9, 'admin2', '2', '나는 파일이다', 'ㅎㅇㅎㅇ', '1', '2022-07-12 15:19:25', '2022-07-12 15:19:25'),
	(10, 'admin2', '2', '수강리스트 입니다 ^^ ', 'ㅋㅅㅋ', '1', '2022-07-12 15:19:43', '2022-07-12 15:19:43'),
	(11, 'admin2', '2', '나는 짱이다', '나는무적이다', '1', '2022-07-12 15:20:58', '2022-07-12 15:20:58'),
	(12, 'admin2', '2', '나는 백수다', '백수', '1', '2022-07-12 15:21:11', '2022-07-12 15:21:11'),
	(13, 'admin', '1', '자바 스크립트 관련 공지', '<p>자바 스크립트의 관련공지입니다!!</p><p><br></p><p>자바 스크립트 시험 안내</p><p><br></p><p>시험 : 날짜 2022.07.23&nbsp;</p><p>시험 : 장소 3호관 507호</p><p>시간 : 30분</p><p>결과 통보 : 2022.08.02</p><p><br></p><p>좋은 성적 받기 바랍니다~!</p>', '1', '2022-07-12 15:43:36', '2022-07-12 15:56:03'),
	(16, 'admin', '1', '자바 공지사항', '<p>자바 시험 공지사항&nbsp;</p><p>학원 원격수업으로 휴강</p><p><br></p><p>*** 2022.07.08~ 2022.07.10***</p><p><br></p><p>원격수업으로 인해 수업 휴강합니다.</p><p><br></p><p>기간 내 각자 집에서 수강 후 과제, 시험 제출 해주시기 바랍니다.</p>', '1', '2022-07-12 15:51:58', '2022-07-12 15:54:02'),
	(17, 'admin', '1', '학원 알바 안내', '<p>학원에서 아르바이트를 구합니다!</p><p><br></p><p>프로그램 설치 알바!</p><p><br></p><p>각 컴퓨터에 STS 프로그램 설치를 하시면 됩니다.</p><p>시급 20000원</p><p><br></p><p>문의는 각 강사님에게 해주시기 바랍니다.</p>', '1', '2022-07-12 15:57:31', '2022-07-12 15:57:31'),
	(18, 'admin', '1', '취업 공지', '<p>프로젝트 종료 후 각 취업에 집중하시기 바랍니다!</p><p><br></p><p>취업 문의 사항은 담당 매니저에게~</p><p><br></p><p>카페나 사람인을 이용해 문의해주시기 바랍니다~!</p>', '1', '2022-07-12 15:58:45', '2022-07-12 15:58:45'),
	(19, 'admin', '1', '쓰레기통 공지사항', '<p>학원에 있는 쓰레기통을 사용 시&nbsp;</p><p>물통은 비우고 한번 행군 다음&nbsp;</p><p>쓰레기통에~~~</p><p><br></p><p>냄새가 너무 심해요ㅜㅜ</p>', '1', '2022-07-12 16:02:26', '2022-07-12 16:02:26'),
	(20, 'student', '2', '취업하고싶어요', '안녕하세요 취업하고싶은사람입니다', '2', '2022-07-12 16:02:46', '2022-07-12 16:02:46'),
	(21, 'student', '2', '안녕하세요', '반값습니다 ', '2', '2022-07-12 16:03:05', '2022-07-12 16:03:05'),
	(22, 'admin', '2', '강사님 수업 감사합니다~', '너무 이해가 자잘되요ㅜㅜㅜ 감ㅅ합나다! 별점 사십오개!', '1', '2022-07-12 16:03:26', '2022-07-12 16:03:26'),
	(23, 'admin', '2', '식곤증 너무 졸리다...', '식곤증을 해결할수있는방법은?!', '1', '2022-07-12 16:03:47', '2022-07-12 16:03:47'),
	(24, 'admin', '2', '너무 쉬운 자바 !', '자바 더 쉬웠으면 좋겠다ㅜㅜ', '1', '2022-07-12 16:04:09', '2022-07-12 16:04:09'),
	(25, 'admin', '2', '너무 재밌다', '오호 너무 재밌네!', '1', '2022-07-12 16:05:59', '2022-07-12 16:05:59'),
	(26, 'admin', '2', '배고픈 사람!', '나는 아직 안고파 ㅎㅎㅎ', '2', '2022-07-12 16:06:20', '2022-07-12 16:06:20'),
	(27, 'student', '3', '강사님 때리지 말아주세요', '너무아파요  살려주세요', '3', '2022-07-12 16:07:20', '2022-07-12 16:07:20'),
	(28, 'student', '3', '취업 지원은 언제쯤가능한가요 ??', '취업지원 언제 가능한지 확인부탁드려요', '3', '2022-07-12 16:08:08', '2022-07-12 16:08:08'),
	(29, 'student', '3', '강사님 안녕하세요!!!', '수업내용을 천천히 진행해주세요', '1', '2022-07-12 16:08:54', '2022-07-12 16:08:54'),
	(30, 'panibottle', '3', '여행가고싶어요', '취업 끝나고 갈 수 있나요?? ', '1', '2022-07-12 16:09:46', '2022-07-12 16:09:46'),
	(31, 'panibottle', '2', '나랑 같이 여행갈사람??', '준빈이랑 같이 여행갈사람 01012345678 로 연락주삼', '1', '2022-07-12 16:10:20', '2022-07-12 16:10:20'),
	(33, 'american', '3', '음료수를 채워주세요', '음료수가 다 떨어졌습니다 음료수 채워주세요', '3', '2022-07-12 16:22:00', '2022-07-12 16:22:00'),
	(34, 'american', '3', '3번강의실에 컴퓨터가 문제있어요', '3번강의실 32번 컴퓨터에 프로그램 오류가 있네요', '1', '2022-07-12 16:22:31', '2022-07-12 16:22:31'),
	(35, 'realkim', '3', '축구장 만들어주세요', '축구하고싶어요 부탁드립니다', '1', '2022-07-12 16:23:57', '2022-07-12 16:23:57'),
	(38, 'admin', '1', 'javajoy 학원 규칙', '<p>학원 내 규칙 이니 참고하시기 바랍니다!</p>', '1', '2022-07-12 16:31:42', '2022-07-12 16:31:42'),
	(39, 'student1', '2', 'javajoy 학원 규칙 너무합니다', '학원 내에서 애정행각 금지인건 너무합니다 ㅠㅠ', '2', '2022-07-12 16:34:34', '2022-07-12 16:34:34'),
	(40, 'admin', '1', '정보처리기사 시험일정(첨부파일)', '<p><br></p><p>정보처리 기사 시험 정보</p><p><br></p><p><img src="data:image/png;base64,iVBORw0KGgoAAAANSUhEUgAAAv0AAAMGCAYAAABh5Dt6AAAAAXNSR0IArs4c6QAAAARnQU1BAACxjwv8YQUAAAAJcEhZcwAADsMAAA7DAcdvqGQAAL1ESURBVHhe7f3try3Zfd+Jtf8Lv8iLeScEAQgwLQWKJ4nDEfLCDEC7NZAIDBgTcsbXciC2AyuxMiD7tobWRDRh5LozVF+14iGDMUVHIji4VHdHgSBRlCypRYnodkuibMkkTappEhRp2q2QDiVTrNRvPVSth99atWrvqrP2rv35NL59zq5aT/VbT9+qU+fcxwYAAAAAALhKXn/99SZh+gEAAAAArhTN4GvC9AMAAAAAXCmawdeE6QcAAAAAuFI0g68J0w8AAAAAcKVoBl8Tph8AAAAA4ErRDL4mTD8AAAAAwJWiGXxNd2D6Xxne8x3fMXzHSbo3fPhLrpiN+cpH7k313PvIV9zRbbmLOgyffM9Uz3e89xV38ES+9OHhni/rVP3NDw+LVxu2ebXeM46q/bizfisSzpkNrzXsW9dH+1/rV4YP/01/LfvNZwC4Tp577jmEukvjf/zXf6q7WtEMviZM/6j+pj80Rst696980+VzYPpjFuNRN9V7jY2w3Ho/XZDpP6Gf3vNJl9eA6QeAMmK4/vRP/xShbqqZ/v/p/+lXuwnTn7LSoIamps3YndL2uc37mP4nhg9+xmXzYPpjVpn+uq7J9C+Otysw/a+8dy6nJfbtMQWASwTTj3oL09+V0PC8e/h48lA7YqVBfc9vunwjbYb8Ak3/G0cT+C2XzbOl6S/xjU8ND78/aMeoN7/3peH1tC2thG1uuUmI+nqF6T9TLcazlXaDiukXtcS+PaYAcIlg+lFvbWX6//JTvzH8zYevDu/+2T8c3v3hPxz+9k/97vA9T7+kpm3RDZr+BcOzyvTfG54PPESbIb8r01/n9Rd+aCrnDe/9cP0GYWvj863Xh0+98J7h7d+t1DXqDX/tncMHP3nCtd2g6f/0P3liLrt6zRdk+hXWGW1MP0B/fmP4scceGx6r6d2/4dJafuPdSppAP/aSSziip/3e4adfs+e/9KHvjT6HYPpRb51r+h//P//q8L975pXhN//w35l83/72MPz5KOGVz74+/K2f/J3hO//eP1Pz1oTpX8s3Pz6825f1nz0cPuUOC6eYHUu7iTm9joBvvDS85z/z9b11+OBnXtvX9H9zHBhf+vTwysc+PDz4e28d/tM3huW/YXjimZfGgfPK8OCvvSE4Puq73zr88DMfHj7+u68Nr3+t9uMZx8WY/rysTfot5VufGh5O/Sh68/CeT5biVLnZrPTvYrs3Mv2v/czbpzzf8XeeH153xw3VG3FMP0B/ghuAxOiHWCP/Y2PqhJd+zOTNTP/3/fQwTW+XJhamH12mzjX9b/tHLw9f/vd/aoz+7/3Rnwz/5OOvDR/42GvDy5/998N//Na3h9e/8R+H/8NP/e7wnePNgZa/pNsz/W98cJbp/+avv3t4gyvre34itPznGLu7NP3fHE3Qm6cy3vCjHx+PLLwKdIbxiQxUqu9++/Dw14Nr+NZXho//+BNTfDO98YeHX/iaS6tx1tP4FaZfjUf9xvL8fsv59D9561TmpDeO4+cLLkHEJZv+14fn/44rwyi5ednQ9K8Wph+gyvRE3pj92fyHBt5zvunnST+6Dp1j+v+X7/r14Tf+5dfM0/2f+fV/M/yl/+rXpnPyE4B//It/NPzZaPzlZuCv/P1PRHmXdBumP3w63/IEuEhoTr5nePj77rDjdGMXmu63F0yb5Szz+K3Xh5cCw1810YsmtxF5Gv1XXDle3/3W4d0femX4iry7r5jGb37hpeH9f++tw3eFeUa9+bn4JivjYkx/XVuY/td+5l5wc/Rdw3eFr0q98YnhPR97bfhm9LsR25n+ook+0fR/81fmG+lJ5hpcXkw/wIXxpeGnvy80+wmv/fTwvYr5n24QCsL0o6PoHNP/A+/75+YJ/6de+/8O/6t3/UZ2/rv/L782/Orv/1tT3t/9f37K3AikaUq6GtMfGokttcqA/f7D4c0+r3LzcLohf2V4ELzyEv5ycMrJdXzj08MH/853TXnrr4KMbGX6R745lvXmv/zE8EM/+sHh+d9NzKhi+ie++drwqRc+OLzn7719zL/wlF+4K9N/ptaNjYRvvTY8/1T405A3DPc+9OnxRukXhncmN1dv+Mv3hvd85OPDp03c6j+JKBG+duPbvaXp/+YnHwxPuLH/hr/7C8NrMlZ8eaO+6wfeM3z4k+kNzOnv9K8Wph+giZoJ11hKr5v++CYB048uVeeY/nd+6F+atP+vX/s36nnR/+3n7J9cfO4XPj/8z36k/d1+TH+rAfvWaJqnvzTzPaphLrdxwZh85oPDE0H69LWhkFPq+MqvP0x+aXY0ih+ZV8rF2O5pfGqmfyu2qKO36f/WV4aX/vEPTwbZauzHfzIafpfEpPmJt0c/IXnDD354eM0Y5tNM/0s/HpT1jM21iemXX+b+yDtng/9XxjZ9w54KbwQmffd40zcVdbrpb4l9NB8w/QA5qgEv6ceG31ibfqxC/6kAT/rRdegc0/+uFtP//GdNGkz/SrUZsOQ9+L/7C/EvGjpOMeRS9sd/NPkF1je+e/i4M0ApzXV865vDa5/84PDu7w+f7ovePLzz5+NVcjG2Jxqfs56wVhT/+cYG7tz056Y6jPFJpn8cJ5967q3zE/43vnV48JuFcr72qeH59/7Q8Obvn430SaY//UXhvz7eQLhTE0psq9c6mv1Pf+z9ww+Hv7T93T80PJ++0vb554d3Tmnim9SxBkw/wI2D6UeXrHNM/9/4iX9u0v7u5/9k+F+889ez8/J6zz9zr/f8H9//e8d8vaeJnZ4avzaagNlslV8zaTbkAebVFyXPm0ezob1801THN0ez9teUNKO5+uDv57cr5TKdLtj0X8yNxZ0gxv/tw1uf+vDwKe2us8oJpv93Hw7fE8TE/KWnz7tznhNMf/h7JW/4a+8ZPl6aqO6nAW/9O88nc5nXewAuBWu+y0/kZ4LfAyhI++Vfg/aTgvDVnwRMP+qtc0y//G3+3/wDazTlaf+b7s9/l19uAn7qFz5v/oLPv/w3Xx/+12PaMO+SMP0LvPaRHwpel6i/B181OxpfGNs7vcYgr2p8cHj39Hms6zfrBr1ah5Tt0knZT4xG8dOFnx6ohE+2Mf0Z59TbNDZ68y39z7h+z4+/FN+MrjX9BvnJ2VuHt//ES/aXuVeD6Qe4BOwrOLnB9zcCRROf4n7xV0uvl+VvIJS/BDSC6Ue9dY7pF739v31l+OPX/9Tk+cQf/rvh2f/P54af+Pl/Pfzav7BP+L/0775p/sLPBz72R8P/PPjrPkvC9JfI/nxk+opBzirT/5WPD+8OfvHSv3v9+s//cFBnbvzX1CE3LG/+wYfDS18o36gU2cD03wWY/hHzyoz9hecn/kr8Otcb/vITwxM/9O7h/R95ZXhtxTCIfrr1/e8c3jn9Pkvlz2k2m/46r3/m48MHf/yHh7f/52+O/4LTd795eOIHfnh48JGX3C8nt4HpB9gDZ7y1J+7OxH/vhxbuyD1F01+pwz39124UMP2ot841/aL//U+8OrzknviHyF/1+fXR8P/7b/zZ8K0//7b5s57f1fgPdV2l6T/P6C0/GXz99z8cvE8s+q7hhx7VDb/Qana+8usPhreGv6gYvTIU//6A1B0+ET3XUF0Cs6l7IvmHupxJPcHY3TWXYvq/8ivvyX/ptahxHMtf+nF5S7z288Ev2Jp/vG0clf/8wXzsjfeGD/6hK2VL0/+Vl4aHP5D+DkpJ47z4x68Mr5/0kwLLEeYSQE9KT/RLPwEowpN+dDBtYfpF/5v/+jeHv/1Tvzs888Jnh//7i/96+MHnfmf43/43nxh+6XfmPUte9fmnv/Zvml71wfSHfOPTw4ejP4c4Sv5e+K+0GYJlE/HN4VP/OPkHld741uHh7yY2TP4sY/TnNe0vD0uJpxmVyt9ob9FWTzvlz0qm/+puVW8Ynvjxjze/AnLeuGh8z/1E9jCYX3kU/q3+dr35Gf33RfKfboU3u+PN6DPhv/Hg/o7+Vqb/a+PYiP7CVJtKv/vSAqYf4Hza3+mvUDH9Bt7pR1emrUy/lzzJD5/mv+XHf2v45Gf+vSt13L7//NvmT32GeTRh+kNGs/0L/1X4S4bvHJ5Pf3GxQpOJkHelf9AZ39E4PSj9jkDYluBfWb1a0/+Njwe/r7BO9l8NXuYuTX/3J/3ffCmK53f9wEPzbyC8nv7exjdfH77ymZeGD0Y3s4U58I1PDQ//i9JfzBmJ5od79Wwj0/+pn/ieKY/8S83vkdeRvpb0+ngtr3/+leRavme8aXbnV4LpBzgmmH7UW1ubfk3yxP/lz1rj/yf/4T+af9RLSxfqKk3/elb84p887fz7p/2SYbOJ+MZown/gncOH/SsSJb71+vDKc28f3v0rc7prNf2vfSj4Ccdo6h6+8KnR1L2e/KNLI8bYfWp4Pvp788pfjVG4KdP/+8Ff1nnj2PbFsRr+a9LfUf4H4OSm9O++tfzTLTM/RlPub1Y3Mf2fHj74n/u2tZh4eQVuvknI6zhzvBe170+DAGAbMP2ot+7C9Ivkif9/+//+18O9h7/T9F4/pn9D7uLJ4Z09ndz4F3lDk/z2n2n5ue9oPv/6nGefP6EZmsNrNv3vHl5a/FFIo+lfSxfTH/9kANMPACGYftRbd2X61wrTvyGY/jLRk/43vnV4j/yi7peUJ/3fsK+jfPjHg3+IqvFJ/3q2Mf1d/qb/t8a2B6/3vOG/eLDi9Z4fGp7f6pekN3q955X3Br/rsfB6Tzw2tJsETD/ALYPpR72F6e8Kpn81W//Jzjt4p389fZ70bzUGT/5F3uc+5UrYgA1/kfeHTxgf5/wiLwAcEzFcCPWWhpju3mpFM/iaMP2jMP0Kp/z1nqd+wfz7Bftw3aZfWPUnO9/4xPDOjyz/yc5VbGX6ha98fHhP8/iI/5QtAAAAbIdm8DVh+kdh+su0/J3+93zo43fwd/qv3/QbdvjHuc7h3DG69I9z3c3YAAAAuF00g6/pAk0/AAAAAAC0oBl8TZh+AAAAAIArRTP4mjD9AAAAAABXimbwNWH6AQAAAACuFM3ga8L0AwAAAABcKZrB14TpBwAAAAC4UjSDrwnTDwAAAABwpWgGXxOmHwAAAADgStEMviZMPwAAAADAlaIZfE2YfgAAAACAK0Uz+Jow/QAAAAAAV4pm8DVh+gEAAAAArhTN4GvC9AMAAAAAXCmawdeE6QcAAAAAuFI0g68J0w8AAAAAcKVoBl8Tph8AAAAA4ErRDL4mTD8AAAAAwJWiGXxNmH4AAAAAgCtFM/iaMP0AAAAAAFeKN/W/8iu/UhWmHwAAAADgSsH0AwAAAAAcHEw/AAAAAMDBwfQDAAAAABwcTD8AAAAAwMHB9AMAAAAAHJxupv/f/tuvIYQQQgghhM5QKzzpBwAAAAA4OJh+AAAAAICDg+kHAAAAADg4mH4AAAAAgIOD6QcAAAAAODiYfgAAAACAg4PpBwAAAAA4OJh+AAAAAICDg+kHAAAAADg4mH4AAAAAgIOD6QcAAAAAODiYfgAAAACAg4PpBwAAAAA4OJh+AAAAAICDg+kHAAAAADg4mH4AAAAAgIOD6QcAAAAAODiYfgAAAACAg4PpBwAAAAA4OJh+AAAAAICDg+kHAAAAADg4mH4AAAAAgIOD6QcAAAAAODiYfgAAAACAg4PpBwAAAAA4OJh+AAAAAICDg+kHAAAAADg4mH4AAAAAgIOD6QcAAAAAODiYfgAAAACAg3O1pv+rH31yePzxx4cHr7gDzXx1ePSOx8e8D4ZX3ZE2Ts13F3xl+Mg/fDT8o99zHzfiy7/488Pf+MWvuE8hp9b3B8M/+pFfHX7bfWrntHy//cFHhfYDAMAR+OM//mOEbl6tXKDp9+a6pCeHR18umP4vPxqezNI7PeOtumLeK/me/OhXXaIept+a67/4I7pm062bcDHtf/GDf+A+5SyZ4jWm39SltPEvRmY9N++n5psp34Bg+gEAjs0awwNwRK7c9Me8+owYbWv0Q1qf9Nv8Ybqy6Z8N/sgrD0y+XL2e9Neerm9l+sVcawbcyxvvWlsC/viTw99oNu8Bq/Jh+gEAbhVMP9w6mH7P9AT/wfDIpVfNe8X0933SH2INeeuTd+Eun/SrnGr6f+9Xk3Zj+gEAIAfTD7cOpt/hn/JHZn7lk/5LMf3TazD/8JODCYUx1OPnQKrpT9KkukTTr/8Eom76tXZi+gEAjg2mH26dA5l+b7Rzc79o+v3rOe94NJYScmmv97w6PBjLrf7Ewhl8MdliZPOn93s86bdlzvntTxrCG4awvvINxkrTn90oCJV8/uZHuU5MPwDAscH0w61zHNM/vZ4zavpFXIs3/V66YfcGfb55mHUpT/rrpt+b6dlgOzPun/gbdjD98oqNM+5puVp9S3VZlk2/3qZyPqn3b/ziJ9Xz5gbJXUMcLwAAOAKYfrh1DmP6zes58qTeGPD4FZ/Sk/7pZiB7wu8pP+mfbwhmdX29xzzF/vnhI0p/GkM7meyK6femtyDV9Lun53LOlpG2YR/Tb8pQzXkhX/BTAa1+nvQDABwbTD/cOldh+t/2trcNb3rTm4YvfOEL7khCYvSnGwD7UTH989P86qsyJ9PB9Dejm/4UMcaLJtg94Q/TWeMflr+96bd1lG4ItHxpG/I2YfoBAI4Nph9unes3/drrNu41GP+aT/Wd/uL7+KHK5j19dcgrbk8H/PvrqRpfXVk0/a589ebB3Az4J/7bmn7zU4vqNaT5bP1ZfUn7Mf0AAMcG0w+3zlWY/iL+VZvkHX5DcDNQNf1Vak/sKz8t8DcSxdeG9sU+Cddf9amdC1k0/c0UTH94I5LIptXN+3Kb4nymrtJNghh/dw7TDwBwbDD9cOtct+lvZBfTX7vhGCn9+dDzaPjrPYrJTgkN7pIB17TOHC+3R0d/0r/Mafkw/QAAxwbTD7cOpr/KiU/6/Q3B5k/6W0y/N/LnPenfDkw/AAD0B9MPtw6mv0rN9FuO+k7/dmD6AQCgP5h+uHVuwvQDAADAbYPph1sH0w8AAACHB9MPtw6mHwAAAA4Pph9uHUw/AAAAHB5MP9w6mH4AAAA4PJh+uHUw/QAAAHB4MP1w62D6AQAA4PBg+uHWwfQDAADA4cH0w62D6QcAAIDDg+mHWwfTDwAAAIcH0w+3DqYfAAAADg+mH26dGzH9Xx0evePx4fHHHwyvuiP7ctf1AQAAQA1M//588lPuG7hIDmL6vcme9eRHv+rOCSUT/urwIMijK8nz5UfDk2q6sE5Mf2+++tEnbb+849HYGwAAcOt4w/NJ0WhO5WsrJo/9NiMsb/qqHGvF5w85pRzhk5/6pM03fl2DrW/O21LGvZ/95PDYY/eG58avIafUfwqn1uOvbw13lWctaexTDmD6nXEPzN1k+DIVTL9qDAvG3Zn+6KbilQdJPV53afr1G5gHr7jTJ+Pi8Ezf2xfTp61tMH10iTdce8ZS6//Lvem0c/Ry2wcAx0MMj1iix350NKc/a78+Pn5d4p5Ja9M/p5i2sLzpq6QXE5x8XapPyvd1hWnTcqRNLYgJf+x/Msp8fc4drePN+2OPPTfnHVUyrI9/33OTJL35/kftZ39eyy9pbLuSusZ2ylc5ryHGVtKkBvexQj1C2Lb0vKnTtTXE55FzYR753rQvyHNPrkXaPR4z+UbJMc9zMi7GPOExwV9rKQbpTcw9GReu/LQeOWfqSOIScvWm3xv82Nx6A+RNxcKT/o1Mf98n/XItTw6Pvuw+bsYVmn7pjwt5wh+3e2/TH/f/JRtrTD8A3DXe8EwGWoxYxSAJ802CSz9+H2LPx+W1fC0x3Ti4dN5spsen8/Z0EWMeJ40m0h0vISZzMp3f576O+UpG0htgny76Oh4XvLlPS3huvCYxrkZjmvD7MH+KMf3judT0GxOs5MnaFqSREuSz5A1Jr0Pka/MxejwYC6buqA77VZD0vs1pHP31mq/J97aspF3SlrBd4/ePf58tsxSXkKs3/a8+I+Y6Nbup6S6ZcEz/tbDG9Ju0F2n690Trfzu+z/9pDwDA9ZM96ReTNBr2GuYp/ySbL33an5Y3GXN/fPoap0kxT/l9XpfunnvSG5c7n5eya0wGUQz8aAiHpO0pU3qj+fsaxmxK2tGompsAl9ebT/8EOn1qXcM8OR+Ns5anZqBNPe6z4Nsm57TPguQJP6dppDxJI8fCz+lT+5CpLclNkcSiFUnv6/SYsoK2hvif0Pi4axz8SX+qgumvqt30L+Y9m5qJ00yfZTLBUTvjtvk4Gvm0zjjLjZW9Xl+/v6mximLh0kxlRYa3cM60a2yPb59ikmfzbOuWOu0NX1xWdGw6ntQbximr+39w1xjmceld39tjYfzieNi4JcdEY1vmWAoN7Yrq1PvXImWl520bfH89+dFXXZu06xHFYyJt3zTuknzz9cTXPKX3sRX5mzE5FsSp1J+e9Nzd3UwBwFFQn/QvmLDHTbpRJo9Nfy8z/UF5Ls30/XQ8+TqmSW8epNw5r/3qX+MJ80XlyNex/hLWOIrhtKazdrXGqLp0Yiz990uYtKPZ9Ngn4faptWDLXS4nxN8oPKeY/pK51erx5jtkisUYb/UmQM6neYJyvJEPn/Sn2J9W2PRyc2A+jzG597PlG4UULf6m3qCtIeZaxvNazDxXb/onY+LNxEhuCLwZSU3NCVRMf25+Nqgvwl7rSabfmSV3xLbPfbbng7Z6U1cw/bk59Z/T9s2GrnrOm8KKiUtNv6RPTaj/bNJO48HWm/eXa3NWt7/GOR62vCfHOuZjxoRO8XsQxD28Zpc3uK40lovtCsa1qTP4HCPlpf3vj/mYBeeTmAnROFDG+asfHes2x8N67HVIOfO1Web08dh6JHXK9ZlrWe7P7LqzPgMAWGZ60u+MsjfONYwRT0x29qTfnwsNuS9fvvrj6ddRIdP7/EEZ05P+KF9aTvl3BcQ0GvNonvTrT84Fb3690fRfa0+NPao5dWUI/qm9MeAFw5piTbI15immvLHs9Em7Nf3z6zFCekMiTDc043HfztBIm3PJ9fhrkPiZMTSevxfkMXWP5015plxbfth++Vx60m/Lj+PtywiR8sO2hpibIal/PC9ptNgdwPQLs3HQzYA/H5iPU3GGZKor0Gx4NqyvGW9WQ9n6IzPnMcZJjmlm0eVxRqtqVN21yrHU4BqcuftXlXP2JxB5G0Lmsl1sk7KMMXTHwrarbRqZ0md1zyZ2IjGhhil+OWGdaf0+luvbNWLaUYpT3o9zTPKY+XbEzH05543R8tlr+VWTN4qR4PvYfZyYji/0p7nmPM6l9gEAlDjlSb8xeGKuAxMfYs/H5ckxo9F0+e/FlE9p/PdK3f54WJZgni5P+dzXqCyXMMEbWM3IhkxGVcyrS18ylyk2b2JO5ZjLb596u3ITE1vCmOhCe8NrCpnaLnW7eqwZT9pm8lqD7W92wmu1ZcRlT+2RPpW+GMv0P8kQ/JN9b7hNW1yZvj1yvmz6x3aMacKbMlNecI1yxpTjyk2R35HwbU/L8lyF6X/b2942vOlNbxq+8IUvuCPnohnkJekGT8cZmVV5zkU374IxZanx8maqYKpCszYbPcUQj/jzxohlcRM9GP6Hyjn7ak09VrNJno1pSGiiw+ud257gry+rW7tGJbZJ3Eyd4XW5+sN2CWGs1rVLKPexb3fUhqneNGb2c2bQR2x7Cwbe5Yvq8Jra7L53OcI8UXn+Ot35Yn9O6WLSuAIALBE96XemWr4uMb3XP6ZPn/ILk0mvmG/B/hWguO60vPlpf/kv9Ng0cTml9JNBFhNqjKA7EWANqjWY3mjK11Z82R5jisf83kj7p9hh3fIKinw2T86Vr74d/rMn/YlE+GRcM/j+VSD/Ko7U63/q4Ek/+58yhK/JmPpc2WOLTJ7wJw3yy7Rp3R4bX2lv/tMJz/TKUnCt8lnyhcixsK0h/kl/GJOUw5n+zHx5tRgEZ1pUM1agVN+aMrahbAhNG1PjtJPpL1137ZyNu9KGgNnkLZhE/33W9gR/fVnd2jUqsZ3i5sx2ML7C+sN2CYuxKrZLKPdx/VwaM/v5VNOv5QuRazPzIJxzJl5y3LXRX2fWNssUtyldTBpXAIAlTnnS7ymlkuNryvMG3afVbiKEpVbZel05vjzF7M0GWTQab3fcY0y0mEufZuE1II3QiEs+U85YpjfrxowndZs6U0kZ8pR6arM77kyuKdudF3yauJ7cENvyrFn29aRtCY20nLPpxuuRa3Pt90/pzU2J5IlMf9yWFNv2sQzXR5JO3u+Xp/NyzOeXmwKJp//piByXz74/TLuCtoaYJ/3j+as3/W1Y8yBmIzMlk+FITJQ/7s2DMVoFM5ZRqc+Vo5mV/SibvtCETnjTar7m+cI8s0G1Bje9Xn++ZsSqJk01uDFz/gWT6L93bS/Va4ypHM/q1q5Ria2Pn2JKa/UvxarcLqFm7Gvn8pjNfRoyp9PPl/IpFMZVdH0mRgv9WRgbUzkAAI1ET/oDo34uk/l2X2uY13x8+rH+9JeC1zD9vkFQf2o6J/MspnI0hKmZ9yZySidGs/A0uoY8STdlSRnj1/CJtn3SH99IiNEVcxp+9e2Uz94Mm+9HCb78EF+f4E29Zrz9OWPk0xjJ8fF8iNTp65Ovkt9jnvQ7Q+4x6SWt0RxLySvXL3Xa7+21pOXP37t2+psfd87ni8qOvp+/+nhpHMj0W7OWGjCPMQmpmTvH9Kd5E2x9JRN2Kpoh9ZRNX2hCJ7xpHb81bQ3Puzj4Y3LexkSvfzrvYhLFbzz2YOlcwdiFzCZ5nen3bY7Sm/pcrLK6tWtUYuvjZ74G59x1TvVL+UFs01i2t0tQ2jFRO6fEzLUzvE4TN1+nqT8+b34xVzkuac1fCPpo0Fofn1ceRW2arl/KMXFZ6k97Ppxntp3xMQCAJc550l/DG/iW8uxfA3J5xNgqBnUNk+F35ablpaYwRDOMaZo1iKkXo56aamO4x7I1Mx4i5jY00iml9+F9Hl/PWiRfySjL8bTds4FP4mnqd3H033+fNeFaHjlmJbcR9ntzXP7zx91Xj7lZcOXar3N9/vpvxPQ7c5AaEsEbsdRE+eMnmYeG+gKztw2aIfXYc8YMhRqvLTbBDm/KzIf5Wnye2ZQFRq1Q/3x+ZIq1U1hv6ZwxkqnBjUlNYNkkuu+j601jE9SV1a1doxwrmP7x28mEisZ6X43qD2I7ti+KlaurrV2C0o6J2jk9ZtW+EpLzU0xM24J8Lu7xcd8WZWwJktbUt9yfaZwkbXweAGCZ6Um/N8ruq0e+lyfxYsy1r2KstddxTDmNPznw5fj6U5NuTJ772sLjY7qp7vGrtDUkMqGj6fTlml8clePJ+T0wdZm6y2ZUkHbUTP8SxvRKPe5zSGqeQ3zMW5FyJG5r26rdQIRInKTM9GaiFXNDMF7/jZh+S2TAQmkGITU9Bekm21KqLzNYV4a5rtQEAlwIcvOE6QeANUxP+hPj7ZluBvy59Ks7HyK553z2+xrenPsyw5uIuSybJjXwGuaXen373NeQyNiPEoxpHc3h/KTYnpen9OdgTK1Shv/F2PSMpBeT6+XbI6ZXPmsGWY5Z86zUI2WM9WjUbmrk+OPfl5+TejQDLW2QPJo5N9c0Hpc/5ymvPNmv9npKfz/fl2f6yHx18VKuXyi1y7wiNebTznkOZ/phG+In0gCXhP3pQO1mHAAgZflJ//g5MOThE/T5WG6ownNheSnTXwEKykyN3dQ2V2YLYd1p+2bTP5teb67nc/brOZhfeB3L134fYDL9ybV6kz61w39vvtrPKWJo5bj2qo839ppZ9nXJzYLJOaaR77zhlvMpvi0pJs94Tstj2zfWNV1HfD3azYrvA2/WTRmFugVfXgqmH5p49Zn4NRL704vSqyIAd8lo8J+Jf+JknvJnrz4BANSZnvQXTHx63Hw1Gr8PbgBCJLdWnjyBDyVP7aeygjJDorLkq2JsNaK2JnmMeRRT6d4Bj57yyzkxw+PXc/HmWTPj9lUiMan16wnPGpM+tis18N4Qaz+VkCfvcj0atrxRcu2hXHx002/Tp8jNgpzTrlUIj/rv7c1AHh/fH2n9Nma6gTftVtprY1P+/QQB0w8jlXfLAXqz9LsHAAANZE/6xSSNXz2ReXbn0rTyObVUaTpzbDLvcjwvQ75qxjWtr4Upj/sa4k2tN7Dm+p1ptMft+ZpRbME//T71ffQUY3qlvcmTcft39vWbixre9MufyZS8EnvzVeoZ2100/eO5LSjFZ7oZSOJfu045rrW3BUw/AAAAHJ7sSb/76pmN83wuNNP++xD5NJ+3+YT5yf6cL/oa1Bsy11lOk5K2NWQy9mJ6R7MomNdt5Jg5578/z9z6J9ZrzXiJ0itB3iSvvUkJrz9Fjuumf4zLY9vcxKw19/5mRLtOSV/6icYSmH4AAAA4PNOTfjFgznh7k+5JX8sRpelTGzaZ7sSoexM+5Q3KkHJTTNvC9EnbNMT6pXWEaKZfsEZ/POb/9KPTqfjXe6QeuQGQz/FX+30rxvSO5aW//GrqGdsuJj0tW36voFSPedIv5tqkifP58lJMzJzxntKP8fX55Gsrph6pf7yuFNMXQd8I2jGPOTdqug7lmkpg+gEAAODwZE/6xSgrJixlKf1suuPz9hd353w+Tc2UrW1b+idA5XOINYje1M9PzuWrmEp/3N8UrH2CHjLVJeUqWvNTAG/StViZ8qSuoOzwmFaPedKu5RFJmxXT7288omsKy1DylJie9CuvP/lzpmx33VJnKV42zSjflvS6Ku3C9AMAAMDhiZ70B+Z6idmw23wp0fnUdIcm3uSvG9+lulKm8t3X/B/ncubQGdewdnm/PTovT/0lTeWmZAl5ki4mVpR+v+7JeD2PL1urr5THp0vTe2mk6VryaEhKk6cQW/Oaj+kL2x9LZcv5U9qF6QcAAIDDc/KT/sCEy9cQ+ZQa7xDzetBk5F268atGVFZD27K/CDSmTw17ZOjH7+VPVYZEpt9/v+IJNlwXmH4AAAA4PNOTfm/C3dclZtM+fh1NeWrFJ9PtzqeEptx/LT3xbW2bvZkY5er0daREhj550u+Jbwys8dfecYfrB9MPAAAAh+esJ/2BGQ+JbiIKpj9+2j9/TbFlBWlcXfJ/eYLvv9rzSXljPnnFI2U2/far9uqL5DPvgpt09bRwt2zdB5h+AAAAODzZk35nmJdITX1qwyaj7r5qpAZdvpdf9E2J0gVlzl/DMuTrnFZjMvHuF0RLmPOSNvprPuX0IWJM/bvkp/4+gNS3x08X5Lpayj237vC6JW619+pb4yS/yOtNv/++Vm4Lt2H6X3lg/lGfJz+69p/0sf/c/+b/WFWxPTvVF2D+td1nSqXb+h+84j4GSL718RPkH/66y3/sq3wNl8VdxwUA4LaZnvSHZnn8uoQ31Vp6+RQabzHjGjZdUI6SNiorLDP66r8Pjo/lpL/A6/FP7b2Jr5nN+Wn/fJPQYoalzNn02/j4erxJzT/Hxlf+qo0/F+bx5U3HRHLMnDOHojIF/1mQciWd/ylIWK8c8Xn8X8qJ6gnzBJ+19vnfg5BzvnzbRvt5rjeoPzgX4suX2Pszch2+L6Z2iaZyLeG1a1y/6U//tc5ITw6Pvjym0Uy2O5bL5TGUTLj7F2zVfxm0wbjvZPpffUby6vJ1bWn6TVlKXXH728zt8k2Fj42uuc36NdSv28ZOrb84TmaV212OZykuJ7cTAACqnP2k331NmcuzZZaY/rxmYP7ll3FDtBsD833Shimd+1oiNfE1SyiG0d4kxDcKS0ZSTKeY0vBptHzv//VbMavGwI7nxHzLVyk7vKEwaQKD/pzkGz+LcZavpmw57suWY+P3tty5flHYXvlsv8p5n8bWG342dU7l27Y9Pp6Ttprvpb3us69jarP73iPXJth225sZX48vX1pl227P+fz289wub+ilTPle8slxacu9MY8v25cln0UlDvuk3xrgiulXsCZ2H9NfM+RGxuiV6juP0CimptJec9KWSLYtkq7JbJqbsLD9DaY/uHFre0JfM9P6uZPNtIydSr46tXZi+gEA7pLpSX+jYfZMBtyZ7hD5tKa8+QZhTu+NnS3L1+PShHWnX13aGrOBt2Y+/es9KWIeTfoVr/l442pM7Vi+N55yTDDfjxKk/Om8OybIcUkvBtqa2lHjMcGXY8u35Up+f0zwr/FImf6Y4L+XPHLep/Ft8MdMe4K0vm1yzN+IhNfp8xgj7o570rL9OV+uOe+OSX6fTkjTenx9IsGet3nC/D5dCUx/gDXAkseb79j4zjjTX1XF6O70pL9EzfS30mz6M5NcM/3p9frP4Y2Xho2/3h7daJ9l+qN+TVVrq94WS8X0q/XMauoHAACIUJ/0j+Z6CZ/Of00t1Zry5DUczfh7onNJmvRr+g9xacymf9TCk35PfKMwfy0hxtUbUjHA1rjPptSck8/OVPu03uAKcs4bYn8TJIiJDc24MeCS1uX1ZtenEcIyzHHJk9Tnr0fSCqa97rwtf85nrsd/lTaYVDaPryusX/A/nRB8Hc+5n3zIZ6MxVva4L9HWZ76O+Z8LypR8UqZPa9vov7df5bwQlpdyHNMfGenETGomu2jm9nnSH+KNXW7elvOeQovpz81m3AY532I2c/Ocm1t7Q2ZVe1pv0tTa6uOvvOKlmv4kTSr1+rKbmDW4caLmr5j+U25OAACgyvSkX8z0aJS8qV7C/PWdwICHSO61NxH2NR+XXr6Oefw7+VNZ6dcgvfwC8HKrLalxF1PegnkdKMnrTXyKlOmNrInHmDd84mwMtzvvj5vPiak1NwyjJH+aVo4J8hOIqOwxnzfD/rhPK0i75bggRtl/79PIZ98W03YXIzkuafwNjVy7r1PS+GO2zXN5pv2uDNO28biklZz+5iEtx7fBM5c/H/M3FfJV6jLnx/IFkz+JQYmbMv2RudNuBDL2Mf2T6XXmbslwz9h6daMcINcWtE3q83k0U2mOpddi4jO3I2pjyZRmr/YIurk9GWfw5XpMHLO22Pirpv8UM52MHVWFcqXOJz/66tge7fox/QAAd8kawwO3jTfUR+Pmn/TrBsqZ+kmakQ3PayoY3eipdPpqyNINwymmPzbBkXk39egmWcu3ZDZ1Qxqb27j+Nvkyfd65rS5e0Q2Lfj1bmemWOBikn327wu8nKqY/uf5UTfUDAEAEph9aqT0tv2YOavoTVpt+jzOVRRO+lrA8d+OgGNaz61sy/Yn5NcdSU2riE5v1WqzUMgy6uU1ZKt/eLOnvz8dP/CumX+JdUVh/S/pUU36lrXl82uICAADbgOmHW+cqTP/b3va24U1vetPwhS98wR1xOONe12i+Plo2/aoSA7mN6fdlhWYwNf57mP4YYz6VJ965yY3bIOdLptzmLbX59CfaqXFvQzf9KbXrOYvKzYm55in2mH4AgLsE0w+3znWb/lacwV9v8lIT7kz6Kknempl354xJ72f6T8U8ZS/UZTnN3Eq5VeNuzLXEKlG1LTOrTH+prrP6KY5Ly01Qql1uWgAADgqmH26dqzD9i3hTVjKzVdPvjLxqFttMuDdspz2ZDjnV9Pt8Cxrjo5v+tvxx/GyeZeOpm/4Wk1uKp81beZpeOBci6ZpMsxk7hfLcuCu1s/57Am03Q83tBACAKph+uHVuw/RXqZn+NryB3d/027aeU49p6wlxOt18Vkz/Sf1lY1SLQWi2fd+sUXiddeNej8tS3hZOjzsAAIRg+uHWwfRj+ps43Xxubfp9vM970t/Mbk/62zg97gAAEILph1vnWKZ/SarJdKZ/QTWjbY3mXZj+8znVbJ9uPiumP4lxptqNWKnPz7h5K1IcX/V+EtOf54m1FFNMPwDANmD64dY5hukHAAAAqIDph1sH0w8AAACHB9MPtw6mHwAAAA4Pph9uHUw/AAAAHB5MP9w6mH4AAAA4PJh+uHUw/QAAAHB4MP1w62D6AQAA4PBg+uHWwfQDAADA4cH0w62D6QcAAIDDg+mHWwfTDwAAAIcH0w+3DqYfAAAADg+mH26dGzH9rw4PHn98ePwdj4avuiMTrzwYHh/PPfnR4Exw7NVnxnyPPzk8+rI710SlvhpaW07iq8Ojdzw+PHjFfQz46kef3KD8dk6vr3wNde4632ncdT8AANw6mH64dQ5l+sVIiWnOjduGpv/Lj4YnpSxNU/lKfbV8vvyept/VXVO5XXK9+o1R2dzaNs7lPxhLCSldQ5ovrVfJV4r9M2GNhfoa4hKXM5bkxmGuua2YfgCAuwXTD7fObZr+JQP+0Yrp1/DlTeav/Ul/VP4Zpr9sNL2sqT7VbEo7y/nWmn5rsKPj5trDMjQTruRzsZ7TFcx7gonX2F9p3JbypWjX58uuoccFAAD2AtMPtw5P+jUC891i+n29s4m7e9Pfyqlmc1PTL9epxCZOq5j3Qr74+DrTP9OWL0W7vrzsHDUuAACwG5h+uHVu2PRbkyfpJ/nzznzPqpl+X06YpmL6I2Pv87pXW6Jzp+FjMCt+beZUs1k1/ZV2a/WZNmqmOIt73JfFfOYnLf46FfN+zus9EdKvy/EstjPApFHbAQAAe4Dph1vnUKbfPjXXzGduwrMn+OErOoGJzdKleKMaGfzzTL9X6TpKxtQYybROU+ZsVE81mxIHvV5vlnNDLKj1SZuU2MRmWTHhhXzx8ZLpz9smRO0btdb0azdD8XXoSJq8fwEAYC8w/XDrHMj0O6MtyoxhbsK3Mf2+zvR8Xt9EULY3qO1P+m25JWOqG3OpY25fajZT09uiLL8zuJrZ1c2tve7ouLn2MI6KedfyZTFR8lVM/4xWX4rUtVTOWJIShxQ9LgAAsBeYfrh1DmP6jdES02h+CbfFhFuTFxlaf77J9LsyXboYrT5Hzdgvmv46JgZpnabM2ai2mk3tCXaKVp+JV2B4y/Wl8U/NdMmEp/nSvlHylV7vGTW3Lc5nx5OepyRfVjVvcIPU0g8AALANmH64da7C9L/tbW8b3vSmNw1f+MIX3JEEZ+q8iTLGMzKjFRO+gG76Z8OvP9FN6nNmvi5/w3K66TdkdcVmutVsLpp+qacQzzDv3Zvb0s3CZYHpBwC4WzD9cOscwPRrhj49tmz6rblXlJj6KF3xFY7l+lTOfNLfQslsyvHpugo6pV01c1s3vmXzXr8hKeVzfbIg/WahlLf2qo/kKZ/H9AMA3C2Yfrh1rsL0F/GvbajmOjTeNRPuDZ3yCs/0Wog3b18dvvqKPVZ/klyoz5dXulnYxPTXzeaplI12vb7LMf1LFPKZPtFe7xqpnTsjLgAAsD2Yfrh1rtv0N1Mw4cKC0fZP9teZyBNN/yK23OUbjssx/TXE+M5PzXWtN/2nopv+pbr2iAsAAGwPph9uHUy/P9f0pL+VQn2Y/oh9nvSfyt0+6QcAgLsF0w+3DqbfIUZSe9J8mkEv1DfdRCzo5JsCwdVd1XozWjf9Wh2h9PrOedKvpY20Ooa114JK11iLY0NcKuMRAAC2RQwPQreuVq7Y9AMAAAAAQAuYfgAAAACAg4PpBwAAAAA4OJh+AAAAAICDg+kHAAAAADg4mH4AAAAAgIOD6QcAAAAAODiYfgAAAACAg4PpBwAAAAA4OJh+AAAAAICDg+kHAAAAADg4mH4AAAAAgIOD6QcAAAAAODiYfgAAAACAg4PpBwAAAAA4OJh+AAAAAICDg+kHAAAAADg4mH4AAAAAgIOD6QcAAAAAODiYfgAAAACAg4PpBwAAAAA4OJh+AAAAAICDg+kHAAAAADg4mH4AAAAAgIOD6QcAAAAAODiYfgAAAACAg4PpBwAAAAA4OJh+AAAAAICDg+kHAAAAADg4mH4AAAAAgIOD6QcAAAAAODiYfgAAAACAg4PpBwAAAAA4OJh+AAAAAICDg+kHAAAAADg4mH4AAAAAgIOD6QcAAAAAODiYfgAAAACAg4PpBwAAAAA4OJh+AAAAAICDg+kHAAAAADg4mH4AAAAAgIOD6QcAAAAAODiYfgAAAACAg4PpBwAAAAA4OJh+AAAAAICD0830/8UfeYTQ4ST89m//NkKHEWMaHU2MaXQ0tYLpR2hDCdqEROhaxZhGRxNjGh1NrWD6EdpQgjYhEbpWMabR0cSYRkdTK5h+hDaUoE1IhK5VjGl0NDGm0dHUCqb/KvS54Q8laP/hK8OPJud+9NN/ZuL5h78dH/+LP/J7wz/7D3LmT4afjo7XdEoeFErQJiTS9cs//d7hvT/9y+q5TfX8w+H+ez80/LJ2DlXFmN5LPzc8vP9w+Dn5/pc/NLzXfx+qNm6L56Tc9w4f+uX0+C8PH3rv/eHh8+nx2xNjWtP68fFzP3n/hPU7GPfNYuwuqRVM/wWpbODPN/0//ccmmc5Urmb6y3Vzk5BL0Cbk7UkW9vvDfUXhJpGb/oXFPTU68lmpwyhNFxmkkjFyKpmwGxRjOpeMW23M5QZInwd2fAfm50zTX2rPJJMO4+R1m2Pa9n84LuKxEI6PPG0ony81/eVxGI7t0PS31aPtC6aun/y56XOq025IrletYPovSG2m331f448/N+YpGfKaUcf0nytBm5DIStskzjL9J5/D9LeKMR3KmRR1nGnnQoOTSjP9dRMkmuZLbbyrWphbN6TbG9My1lITbI/VjHX9eL6eq8rW0tKcqI3P/BymP1YrmP4L0ilP+staMv1/Nvyz58Pj4TlM/6kStAmJRLJwx0a7ZPo1szOpYHTsU6aCwcL0nyzGdKiSYfFKz9fSB+dOGW/qmE7nSzjGa6bqtnRzY7p0gxgdL42P8rjZ1vTb8auXl7cB0x+rFUz/BWmV6f/tPzFpIyJjXjDkJt+fDa+P517/9O+ZY77eGcX0V8H0ewnahESjFGOz3ZP+2fD4vLLoRwZo0SClWmnCDirGdCg7PvUxqJ0rGZzkXDY3XFnBePTzJBrXS4YtKndhbt2Qbm5MX4Hptw9tgjFt8gVjfVTYhil9RZj+HEz/Bcm/d+/N+KzE9D//leF1+Wxe43FppmN/kpj03MCb8k369Gk/T/rPlaBNSKRvECXTry3gk5TNyxghOW42CuUJfrbpycbDk/4WMaZzlQxHbjJOMf12DmjzIjrWYtiUcn1bb9n8396YlrGWjil7bB4HhTHk0mlP1dM1vWzEwzmgzAln8KVus5ZndeVtM3XxpH9SK5j+i1HwRD0z2GtMvz+WGnJXRpjHPfWfjT+m/1wJ2oS8eRVMdG76UykbRCS3IYWGXsyQ20CmdJj+k8WYPke18evG7iSXrjT20jGsjumwPBGv92i6zTEd3/SJ4rGgjw9jrt87rtPKmDQG3Zc3jsUXF4y4VTwn/I3CXK9rZzS2Mf1LagXTfyGyr9iMBvzTqREXKcZ7zes92k2ClyvHvlJUMf1VMP1egjYhb1vWjGhm41zTrz8VGmWMU2B4mgxSqnK9tyTG9Dmqjd/gXGT0rcGJ58V8LDVa85j2knK1G1rd1N2iGNOtsuukjBnNRKfHloy4VTru9Ycv8dpeMP3TWq2rvrccS61g+i9BzpT713rMaz6Rga89bd9Sy0/u/fv/+StISCRoE/J2ZTeN0uI7m36bTlu4y1phyjPTnyrYiFAkxrTo1PFZG1fBuezpvjU5YXnZHJrGdEvbxFhh+r1udUy3GOVwfETGWzHoZ5v+Zi2P3Xkv0c8fXa1g+rtLM/TpsYLp1572Z+gGPv/lXYf204BAmP66BG1C3qTMJnG3C7XZpJJNLN3IdJ2yEd2GGNM1LY2bkiGXPEHezPQ3aPFGNhWm34sxrSkeH8bAp+NLxlwwTjc3/W7PyOZLwzjH9LeB6e8p/9qN+gQ/NPp1068b8NJTe39c+StBvj086T9ZgjYhb07J5lBSvlDLhqD/uLcuZ67UDad2zquyEd24GNM1nTNugrya6V8y9YXzpRvf+P3+29atjmljytWxMcuY/sr6HRp71fQrZXrZGwp9zti8+hitnfOSNJj+ZTD9V6EtTX+hLCf/F4T+8LddulWUbxZuRYI2IZGufKGWDeEEc7JkkCZTJeXrG1JZ+uZ3K2JM19TR9GeyT2rLxseOfZ7037bp39IYp6a/TdqcWf4plK/L3gBo63RZW17zpaoVTP9V6HKe9KO6BG1CIl2bmX5naE5/0o9KYkzXpBmYVgV5Mf13qlsd05dr+m3bznnSf+tqBdN/Faqb/jq6gT/1nX5Ul6BNSKRLN/3xU5pc5cW/9GoDRud0MaZr2tn0K2M5Vj4XSnMA0zTrVse0Nc/a2Ai04uHIlqbfyMwDpU2rbn5vU61g+hHaUII2IRG6VjGm0dHEmEZHUyuYfoQ2lKBNSISuVYxpdDQxptHR1AqmH6ENJWgTEqFrFWMaHU2MaXQ0tYLpR2hDCdqEROhaxZhGRxNjGh1NrWD6EdpQgjYhEbpWMabR0cSYRkdTK5h+hDaUoE1IhK5VjGl0NDGm0dHUCqYfoQ0laBMSoWsVYxodTYxpdDS10s30AwAAAADA3YDpBwAAAAA4OJh+AAAAAICDg+kHAAAAADg4mH4AAAAAgIOD6QcAAAAAODiY/oPxP/qHr0xKqZ0DAAAAgOOC6T8YobEPzX3pOAAAAAAcH0z/AUkNfioAAAAAuC0w/QdFM/siAAAAALg9MP0HBsMPAAAAAAKm/+Bg+AEAAAAA0w8AAAAAcHAw/QAAAAAABwfTDwAAAABwcDD9AAAAAAAHB9MPAAAAAHBwMP0AAAAAAAcH0w8AAAAAcHAw/QAAAAAABwfTDwAAAABwcDD9AAAAAAAHB9MPAAAAAHBwMP0AAAAAAAcH0w8AAAAAcHAw/QAAAAAABwfTDwAAAABwcA5o+l8dHjz++PD4Ox4NX3VHQr760SeHx8fzD15xBya+Ojx6x5jv8QdjCWuo11fm1PoAAAAAANZxtaa/bN43Nv1ffjQ8KeUFivPm9b36TJw+0pQO0w8AAAAAd8MNmH73uaZnxHYrJtwbfnPe4g39XG/tJqNm7BtMv3LDYTXnkfbkMViPxPPJj+ZXsLb8V595cnj0ZfehgVXpJR5BX+yD75dZUV8XbiZVpL0NN4NT3JeuLylvNUl+P4ciRe0t9I2UU8lX5ZUHxXzSnnVjLegbrU1G4Vypj7XT5pKMF63cZKws9F1p/nVB+qgwDtf2URaHNbz0Y8Pw2PcOw2vu8yK/MaYft6oPfcl+fO2n7edU7x7TCUvl+/wvuc8RYx3fF5R1DXxovNY18Sxcf7xuxPvXVvsRAOzDzT3pL5ObcGvSkg3dm4up/BbTr5mCBtMfUNps80VW2lMoU9pe2cyXTb+71lTRTVF4rWvTz6ibR6X922D7JI+nb+P4vdrPheNFo1dJX7s+Y5hbxsva9jgSs6f2jZShjGczH2tlC1J+ksbkc3WWxnj72LeU0+tjzWL7vtV4m3ZrY3vqn6QPFmIv5V2n6R+vU4vDdK2FsWhwJj3V941mU0hNufmspBcZo18w/f6zP39U0x/FZ/z+3f77URKD1PSbz0GaUHLNyvWbcR+OjWRNKs1JALgMupr+X/7Drw1/65/+i+E/uf9rRvK9HGvBb7r5AuM2oXSjMYtTaWMSdjD9ps5xMw/MRG4WWkyca1tgjsIy8k24UGZiKvO2zPLtXVzEkzKXnqamhuJ8058adfm80IaiAUvLEiSevrySgSkcL9XjxoUpU9KEsc+uz2Pb8WCMVzmNZ2V7HGnMtb6RMaOb04a4y3Un9Zsx6K5HvtfGWum4PjbjuWLnsFe5fbYdD4K+bqV03UkfLMTe1O/aqV2rRepK5nY0fpR2lM7X8mlrZaC4faU54amdT0y6IEa1ZPpDwnQTHUy/nI/qSPHpxrpCQkNeakNkysP87jq80rrD2IQxKD7pd21Mb2Cy69fHejgPp++VuQ4A/elm+sXcf+c/+MTwF37oFyPJsRbj7zfz3ICIORrPpRuuHAvN0nRMNnpbllWwqSr5fL3zxqfUZ7DHTftMOeli6cxJg+mfDUluCMIF1+LaU1LBMEodmpnLy0+Qa4vioxiPgNTAnWv69fbZ2Prjps98/0gZ1c3I94tX2L6CgTH9q/SjWpcbF+PmmY0Z5foEawjndtjPtXEjdbS2x6Fs0mrfmGvNj5s2lcoOSQ1lcL3p2PBI/7WOTduOcSyPZafn9LHm5svUDtc/6o2Nhk0fjTUpTxTGoxb7EWl3rU7b51Ju2K9Sd3BNJrYt5xfyyWdlHAp5H41lVfu9dj4x6cKdm/7xs1FiyoUW01980u/Oa+V7M2/K9emS+iOD7tptrje5hqgswZWXmn45f5emf6Q0nwGgH91MvzzVF5P//f/d7wwf/1dfM5Lv5ZicqyOblrKxGty5dMOVY+FGlh0rmHCfLlC26cnxqB3uWFif2VjDBbPN9FsT4dK4toTmIDc+UnehTMlf2cyXjVUQ91BBmXXTn7dNT29jk7Unbb98rhiOLDbSB5X0y4zt1/JHfZvESBmH/rqivhWS67PnSwZ0ric7n401RyleJn0+Znz9WVnuOqZrFJ0VV4tuEtw8cXGZza9VmD6KZxJrIRpr0zXoc2WuRz9vsW178Eo+rk3/KH0ftn3SeG2l+Wfx5Sf1SL+F88G15//6Pmn7mK5w/sHPFo77WGb5ZvI+msehV3wdSRwinIFdbfoLRvkk06+V7/D5NX1oLEMzyhPeSI9lpG01T/mDer1x/39Ie8avHxpjL3nCmxqf56MujTfivo1TO9w1+msOr7Fo+l2e9CYqM/22/6Oxkawd8Zpb63sA6EE30y+v84jBF7Pvke/lmJyrYTfkcQP/qCw4qblxm1C62JjFKd6c4jTOXGSb90r85q5tmq4NdlFcrs9cZ7ZoyvXN1xwvsoKcL5QpbVM386QtSayiRXwhPjXTn7e1kN60U36ykdQVGqcxLv8qMyA5UqcxIRUjY/ExKEnaom1izjCN7c3Kl/ZO6e24TNsbbaLF/lmHiek4NzITGbXHYoxydk2WWl+uRpt/gaStuaEckXzvGMfCwhPGtrmy4fW4/pz6zlxfWL42Vs5F6pznhFxz2sfTeB8pnf/B//pvV/Mt9VXcR/p1mv7weYpxSAyqkJn+8bNRYFbD44EhLZr+VK2mfxOc+Q9Nv2+/aXtw3h9/30/Yr+ENhb8x+JuSNmxzYtijskfMzYKr25dh5I4J0/EkForpF6K+TdbocE4K2845ADiXfqb/e39k+At/6b8cPv7yH7gjo+kfv5djcq6IM35+g5JFJt5U3Ga85Ya7sAkara5vm5uMdJGdrr8kxVTaGIqxys/H5cemQ6O0yEs5qdEQ8vQSF3dM4h62JzHF5Q3FxcClNZtU+H1LzFUDnhucueyg3R7FZO/OFLOl9tgYaX3iieLbMgcmLcdX6zuJZT6WXbp0LIzkY/+usHM3i51Zm/x15WPFXo8WL6taX1gk/xxb7folhuHaqJ3/AblJreRbh3adIbXzLaY/MaI+j5jW0NAalPLOxtdXUPFJv0cx/YI356LSE/ZTTH8YP3/Ol6M96fd1fd/YnvSnCwXTv4Z8TgNAT7qZ/r/1D/57Y/C//10/acy+SL6XY3JOx22a0SaSHtPSOJqMy1oTXqnPIQufWldmKmu4eiLlximlbozSG4/8WuL8cr4en9zM2TJLhiJOb9OG7ZX6pzg1m/6ZycwoprFKUJdpg495Ept4vEj7gzappl8x457w+k4x2cZ0rm1PmZb4nspUtmnzfC1T37vj4bgx8yjqf2VsV/p5vh4/7tu0jxmOaTPd0p9z/2p5wpiUzsvrP2q+j8V9UZeP5dJ11s47U9ps+l366VhieLXyJtNdUmKCm3HlnmL6zc1KUG/6+VTT728k/PWnT/1T0+/r8W1L6y2Z/mTOpgrnpIzBbI4CQDe6mf5ffvlfDt/5A3/fmPxQckzOZfiFRt1AZDP058LvE5yR0jfX1AAHtBgwtV2zucgWvmnhVOpLMWk1A2avtbaoqsbIYUyU0m7J441TnN/FVpMrJzKKJm5au2dSI6b1jbTBHJc4RKZvqeykvIohnJA65FqSuiyBgTF9ovWdxMgd92WZ455G06+hlucotSc8ruWv1KnFt82clvHjqVS2H2tZ3znC+uOx6Wgy/TpqeStYjk1l/oxajmswtoTsWpOxVTr/sYV8EUmdGeVrstczni+N2cnEJyqZ/tQcG0Lz7cprfdKf3VRoFNrotdr0u/LCJ+qpWdfS+Gt/3yg55434ZNSft/VMeVy9YRmR6U/b5QliWDP9hT5N51A4pwGgP91MvyDmXp7qy+s8IvleNfyrcJuQtigZE1raXK3prJn+5U05pdKWEVkgpdylRbFmJuZzvv1tar2WtUZoyVilrEqfGNTahhK228TZ94H0ZdGEjFQ2tNWoZS30U8GwGs5tm5Y/iekSy8a2ztrxVEMty81VXfWxdlbbJI6LdSwZ6CXS/PI5qC8b26XzS/lCNmjzqWO2yZSHBIa1hTWmf9Hcl0jNtWK2/VP86Rd5xzTRDU7QhvRpvPbKjuBvJELDXkpbYgPTv3Y/AIB96Wr690E2qXHz1RYlZwh007KH6Z8NXmYmJpPQsKGatNriaa91KxOlsdYI3aXpzz4bbMyrba5sWtVza1HLkvYVrlm9noBz26blX6oz4SpMf+F6lsbaaW1L5rjEU+a12k8bGOg0v1ubrOw56aNpXVHOG0rHMzZo86lj9pCmX/DHAomx9kbdtD9Jo/1kwCs15SXu3PSf0fcAsAs3afrrUja4pnxlQ2E3YSXPCrM1XVekdQb7FC7a9I89XH4t4US8aStqZXuzcTibRFU9TL/WDq+kPcWx7LQ0VmQ8afkmrZgTRdOvlWtU77v1Y92Wq90ETXGKrkebw4Eu0iBJmzH9ZYVm/sLZ0vRr49fJz6FzHxAAwPYc0PTDTWE2oHNMCQAAbIrcfF/kTSzAbYPpBwAAAAA4OJh+AAAAAICDg+kHAAAAADg4mH4AAAAAgIOD6QcAAAAAODiYfgAAAACAg4PpBwAAAAA4OJh+AAAAAICDg+kHAAAAADg4mH4AAAAAgIOD6QcAAAAAODiYfgAAAACAg4PpBwAAAAA4ON1M/+c//3mEEEIIIYTQGWqlq+n/+te/ji5I9Mllin7ZT8S2j4g76iXGXh8R9/0ksW0F048m0SeXKfplPxHbPiLuqJcYe31E3PeTxLYVTD+aRJ9cpuiX/URs+4i4o15i7PURcd9PEttWMP1oEn1ymaJf9hOx7SPijnqJsddHxH0/SWxbwfSjSfTJZYp+2U/Eto+IO+olxl4fEff9JLFtBdOPJtEnlyn6ZT8R2z4i7qiXGHt9RNz3k8S2FUw/mkSfXKbol/1EbPuIuKNeYuz1EXHfTxLbVjD9aBJ9cpmiX/YTse0j4o56ibHXR8R9P0lsW8H0o0ln98kfvH94y2OPDY9peuL9w2e+/kvDffn+Xb+k589k07/lA58Jjn1meP8TSdlTeWvLd2WZto2fP3Y/LjfQ/Y8p6TMtnT9NzJX9RGz7iLijXmLs9RFx308S21Yw/WjS/n2SmnLFwBu9ZXj/H8zpQ9P/S++S8/eHX/JluhsNm6Zk+ktmfKvjXq7+sH0biLmyn4htHxF31EuMvT4i7vtJYtsKph9N2qZPQqPuTPKKJ/Gxqe9k+qefWMTtmG5KCqbfts0qbPO5Yq7sJ2LbR8Qd9RJjr4+I+36S2LaC6UeTtumTc0x/ej4sy6dxZUo6r8Xy15j+uHy17lI5Y3rzGpB/Tahwc7BWzJX9RGz7iLijXmLs9RFx308S21Yw/WjSuX3ymQ+8ZTLLmu5/rG76fX77/rxIM/01lcp3x92T+6ydkzn36Vwbop8iyPnE9Ae/w6C2cfodgfNe92Gu7Cdi20fEHfUSY6+PiPt+kti2gulHk7r2iTfIkWGPTf+pNxVhvvmGQhSbePt6jv99Aq+wzNKT/n3FXNlPxLaPiDvqJcZeHxH3/SSxbcWb/iVh+m9Am/VJ5a/gGKVP4ouvw8SmP5Zm8JVj/mn8E/eH+5lh72Pi14q5sp+IbR8Rd9RLjL0+Iu77SWLbimbwNWH6b0D790lqyud34XXj3Wj605sMX372eo3LM9VVMP3Zaz1e2k8GGhXdnKwTc2U/Eds+Iu6olxh7fUTc95PEthXN4GvC9N+ANuuTxif9/rUb3dSLNNPvjfdb7BP8yEyHNxX+hiJ9nz407ueZ/vhcy/nTxFzZT7vHtjYXZJwWx1pBLn38mppIH3t2joVzwM2RVFO+cA7N5WwtxjTqJcZeH20T98L65NbZeV1066Ff3zRp+7S6HruywjoL6/qUL2tPTUr5KyWxbUUz+Jow/Tegzfpk1YCvqWb6tzDWhbLcxA8nc6Ri3Vu2bRZzZT91j222yRRMuTfukel34y1L6zRuIrnpT1SqH9OPDirGXh9tE/dW0x8qWCcrRj9aOwPd/5jLX1kT7Tob/D5g1J7Smi6StXm5/CVJbFvRDL4mTP8NaLM+OYjpj+sVLdW9ZdtmMVf2053ENjLqyZgujjWvZExFZS1ryfRPv7z+ATtnJ2H60UHF2Ouj0+Pu1sBwfQpk1sKC5/BvE9j1cy6nvN5qcvmKa6Iz9WMd709e+c3WabWdS+UvS2LbimbwNWH6b0Cb9Ykb2GVVnjxGqpj+rMxAzabblZWmX7jzL5dfKO9MMVf2053E9hzTn57XTL8yXv35qun38zTabNwGhulHBxVjr4+2iXthfUrM9PT7dupe7MoYFa670w3CJL9u1k25rytakws3IZh+pfGon+iTyxT9sp/2jm39l73fMrz/Y3XTPz2J9z82Tk2/ctMQ/qg52sjCDdDfKLhjWTsx/eigYuz10RZxD9epJpPdeD5cM+2x8AGe+97Vq90o2GPzzYRXWl+c3h/H9KNOok8uU/TLfrrk2KobxEmmP3nS7zbA6lMwTD86qBh7fXRe3L3xdmtZauLDz/6BRpPCdXLB9Cdror8BiQ28k3qTEdw8RGtvcFx0wtorsW1FM/iaMP03IPrkMkW/7Ke7iq038CWlG8eUPt0AUtMfHJvLmzev1PT7cuPN6O7FmEa9xNjro5Pj7tc3sxaGBtw9oBADvfAkv0XZGj0Z89T0e5NeeG2yoGntfVfa1rT89ZLYtqIZfE2Y/hsQfXKZol/2U/fYZk/qgx8Ra5uAZvpPULbBpTpjA2oRYxr1EmOvj7aJe8Egl0y/O55qm4ce3vyX5euZ1lvX7vjhC6b/cpQ9QUuU/ng828C9XKem6S9Me/VJajDCCWd/RNZ+x2zLKj/JtAom0TlPABrypu9Cl16zCPOs1fb9UlusbHvX9otJv2J8F9MXYr5VLFPd1TqUzoFUftz48VQcc6rpL68v+vyo6Rpf7ylsmsX1uCA1tvl7ulN5a8tPYlseE36cL/XFeX21PKfydSKMTesaMc31lWvxtc95kb7Ore03m37tONPS631WXj+21DZxL8x1ZWz5+ZWNN5c2i8+Sf1szz8L2lMo1aWR8n1B+IoltK5rB18ST/kTqZF4aNDtPqnO1R5+kC3c6EdNFyH7O5dPr5RUWMZlEazYa139p3bHmurMFNKkrbeup6jFX0mvz/ZbKj3V1PogK8Y/SuzS6bPy2imWqu4rtZu13YzSOpxvvWey80vlR03lGslXbxr2waWbrsbu2TC4+WWyVdTscz8X1vhTDrY47+fWqdV+pzjMvP1bya0/HcLRG+LYkkjhNc11bC9I2Bdd67XNepK+Lab+W5q+/dps+H2dJH0yK09s0BZm2KeN8B50a99LeEyp/ZaYUG1FhXhXG8KTSPNSkjfWiCuvXCklsW9EMviZMf6TCJFkaNDtPqnO1WZ/4OLzrw8pgjidcOjH1RXJWuhHYz4WNR+rwk+999mu+cPoFV1scatLGQHxtW21ae82VMNZRHP25WkySRa3Yb4XFb6mfU20Vy1R3tQ5t1n43xuN4ljfttF+XVdgQN9amcZ+MYxJfFyvNLFklcctiq8Q1HM/F8ksxLBz37U/aYa9JK0fk1y2rdH7l6daub0pbk+vV1wibL4zJNNfTtcB9ntL663Z1TnPmZ5J0Z+rOvEfQj3H/LM+xOLZ5TPV0XuX0usrrx5baNe7p2AqOpXGw40qZM8X57OJT6a9MWnuKOqH8RBLbVjSDrwnTH6nQSUuDZudJda626ZMwNlqc4gUvXbSmDWJKHys1T7qpCeoNJ5/5PjYGan6XJ1U6gW3bg/KSiZ629VTtNVfCWKdx0DeTWc39Vlj88vSuz4J4h/Noq1imuqt1yLY/vr5IrWuDW2PieOaxi1Xux1zLhmQLbRZ3P1efuD/cNzEIxkhxPS6cV2Pr4hEoTZ+XX4qhdjwuX627VI671mlsKX2Wzuv52FynVTq3/Jia86ZzUF8jbNvCmExzPVkLtDUjLDOqz+RN23ia7mTOu7Eh13LfXFPYt6V+LZ3PY+rV2gdze7zCWLq+bl2DTtSucS/sM9P6kChLJ8pilKjYX4pK7VEV+BX1/LIktq1oBl8Tpj9SoZOWBs3Ok+pcbdInyeKcbhRLG4f9HCucOHp56aIX9E80+dLFTVkcFxaP9Hja3rCstK2navO50rC46ZtJkj8Y/ya9Mr5tDPINK02f1efq8D+2tTo/lqmuex26Xm0Rdz/38vXBjTc3htKx52XzB2PKj7l07pdUKt/PDze+fTsn+Xnj0/k2ZGtMYv7c+TjNLH/ttfWttCbpx9166epM683mrMhf09jmqT0iaVNyfSZ/smaEZcZtStfu07X3nPfXHY0L33emL5N+TeTzp+MgH8e+f9J+S9Pn9dk65hsSow1iWxNr7X6S2LaiGXxNN2b688WupnwyXqc224iTxSNa/JMFKt04tPxzuryMuGyr+x9z/SeLXLLR2PQuvzmXLJhJ+sXjd6DLmituA0k2e73ffNr8XJo+HQepAYv6zafZQGxEfdQ77n7diNbuZMzFa06qcSwW/mG1OV86XkPz5fcY3TTbMnOztkrK+laaR1vNLx/XbG7L53QNdZ+n+AU3DHNZc5u2auNFz3kXk7jP7TjIfIZPm51L0+fjyMbSj73tbqhqYq3dTxLbVjSDr4kn/aWJZ3SMm4Tz+2T9JpWavWmDCNKEalv4y6Y/3NjTuicFi2moqYxIS31/yZuU66+i0tj49Pk1af02x9fGKIxfnj6PYzhPttrwU7ER9dGWcbdjIx47odL1dkqfrlOJ6dfORWVpxybTdl9ZC9evj+eotL7p8SrNrTVrhEv7xFuiOE5zPV2LR2VtCWKTzfla/6zQnc35wj4yKR0HPn22/9m4xuM4GEsmLnk/aGN1rj/sb7f2VvbdLcRau58ktq1oBl8Tpl+deDUFk1I9f3k6v0/WxijfmHIzGCvbCDIFhl8+pxtNsHEs1XWultvaph5zJe2XeXPWryeOpTfw5Q1779i3av/YznMivObM7EzyMV+3ftjywo0/VL6px+mVeZuZBEVn9N+djGl3DfN1uZiKtLgmY1Q7J2WlfefLn477uPgYTnUV+lQxw1Zh+vymuKZ0vMXlbqN4jfCxtZ/tuWSdLV1n1k9WNp7lNeRU9fce6TgI+lbtL5t+io8fV0Haxfl8AbrLuMdjc5QZe34sJR7ByI/fmoLyRvkx7hXGOxu7O0ti24pm8DVh+lsmUrR4pRP78nV+n5SuuRyLdHKmE2mWTbM8mVxdpc0u2Diiuv1C2qSw/qXN+PyJv99ccbEqKolNxUCYWPrzpc09OB6ln7TUnu0X0S1jO5m+UfM6Ya9JPleveWHOlOeFjWe86ac6wfTvrL3irslfl49h0TQGa8N83PWDe3odxUhb76v9G/fppCbTn55bPm+v1/Wxq6NN4ThydRRl0+br8myspnFfus4ojvPxrEy1f9brzrzHUsxdv/nxW55/tg/icZzP9fl4nH7SUnuysbut7izuo7IYmWv3Y0kz/euklz+PzXw+7CuJbSuawdeE6S9NpFDaJnDGwLprbdEn0wIfHd8uFvXJ5M2NskF7hZM/WghmlTYbve9zQ7W19psr2/WL3u9lrR0ney2i58bWLv5ju34lNCT2OsLvZeyo1+zG1nTN/rNXFgs9RjY+sgm58RiZAn8slU/jynQKTVXW5gs0XpuNDfXaymNyvQplLZmxYt0LbSusb3bMlg1LrPOvfxpDQT22DTW9Zbj/rqRfC9ezVnfmPapxXSPbB1XvEamQvtie/fcw0Z3FfZQ+vvzYidfDME7zOurL0mKpxSueJ3vtVyVJbFvRDL4mTH/LxKuaw8vXJn2iLszxhDhH5cnk6vAT1punZCGLTYzep1kd1X7df8Hcb65s1y9xXJelpy+3Z69F9KzYBmM93SzSTUfGTn7N4ebTOmf043H9rtwpTT5G4/T6PBDZ6wg2wY2MzJZjerOx0dn05zFdqrvtfNqv6/r0/Oufxv3KsZP2az5/TtOdeY+N5kqpH8sqpC+2Z/89THRncR+lj3E/ltL1cVa2lhT2flt+kC6J7WZrUqMktq1oBl8Tpr9l4nmjWVQwCC9Q2/SJtoC4jaOo9smRT6a5bG1xtenH89IeZVPXJmfrxLdy1+vaoOncRX+/ubLUL+1tX7sh6+m3GyetOj228caRXs+86czrRpQmWCve8oFfcmNIGdfpxuTzJbGzY7Zk5Epj1Kef2zjV4zRfhzsWbZ6na8sxPc3xklrHpbI+tMyRdkNc6FPXV0UVyy+UF0hb3/Q+Lc31petfHgvTuK/Wkytqu9o3p+nOvMdSv4Z9UFV5fuoqpF9qT+s8OVF3FvdRdoyn8mN1venXxl1aRxhvbd7tKYltK5rB14TpvwFt1yduo9h5EVklb5aUiW4n791N0LViruynk2ObbAaTsXHn7ZiSTX3egOc03oTHY86bV7t5uDmUjFefppTXaq63ZgirWjQsolbTkosxfXe69PVtUZW1+xQx9vroouPux1hVl+0RWtEMviZM/w2IPrlM0S/76dTYpk9y7OfZBFujNSs2/XFZuhTTPpmf/M9BpvWLsvoWNrbsyeAo/TrP3/wY06iXGHt9dPdxd2toSdpNZPrTqOpPp5Z+yn93NwkS21Y0g68J038Dok8uU/TLfjo1tpnJDp/8h9+rT/pdnkn65hFtNJNhd3VONwB242oy/UXNbUzPYfrR0cTY66PLiXv59Z51pr+srdbJVklsW9EMviZM/w3oGvtkMjYrJ+ddT8pzxFzZT6fGVhs/9pgY89BAL5l+9zQqPe7Gsy3HbVKFvJLG1s2TfoSWxNjro7uPu1tbS+JJf1WY/hvQxfZJwazIRKyafndsUvY6BKb/1nVybKOn+TUtmP7iplIy+rpy0688zXJt1sx9pHTeVBXfaLSKMY16ibHXR3cfd2f6NXMfauFhSKzQM6xbo/eUxLYVzeBrwvTfgC6/T2YD5Y8VTb/7PKX1E9stAJPp/5kk3QWKubKfTo+tYqpVLZh+vzEVbgZax2Vm+rWbklbTfwdiTKNeYuz10d3HvdH0nyxM/yqYeJeny++TdtOvGSxzzBmj6Em/yXu5T/2ZK/vprNimN5qqlky/yG0eskEFqpcbKzX9al1LT7TucPNiTKNeYuz10d3H3Zn+ok77KeUsfd0OtWYNP0cS21Y0g68J038Duvg+CZ7WW5PjJte5pv+C7tg1MVf207mx9ePwrhb3Ftlxfrk3sSLGNOolxl4fEff9JLFtRTP4mjD9N6BL75PJ6AfmfDL36VNX93n6qUDp9R5njNLPlyTmyn4itn1E3FEvMfb6iLjvJ4ltK5rB14TpvwFddp/4d5/fEr2rXDT9o6abBK/g3b7M5GvvQF+ImCv7idj2EXFHvcTY6yPivp8ktq1oBl8Tpv8GdLl94t/Ns6/m2NcXrEGvmX6jwi8vYvqRiNj2EXFHvcTY6yPivp8ktq1oBl8Tpv8GdKl9kr96M//lFEw/OkfEto+IO+olxl4fEff9JLFtRTP4mjD9N6Br7BPN9PufBJT1luH+uxLTb/KHNxaXI+bKfiK2fUTcUS8x9vqIuO8niW0rmsHXhOm/AV1jnyw+6S8ofdI/lZOkuwQxV/YTse0j4o56ibHXR8R9P0lsW9EMviZM/w3oGvtkE9N/wa/2iJgr+4nY9hFxR73E2Osj4r6fJLataAZfE6b/BnSTfeIM/37/at/5Yq7sJ2LbR8Qd9RJjr4+I+36S2LaiGXxNmP4bEH1ymaJf9hOx7SPijnqJsddHxH0/SWxb0Qy+Jkz/DYg+uUzRL/uJ2PYRcUe9xNjrI+K+nyS2rWgGXxOm/wZEn1ym6Jf9RGz7iLijXmLs9RFx308S21Y0g68J038Dok8uU/TLfiK2fUTcUS8x9vqIuO8niW0rmsHXhOm/AdEnlyn6ZT8R2z4i7qiXGHt9RNz3k8S2Fc3ga8L034Dok8sU/bKfiG0fEXfUS4y9PiLu+0li24pm8DVh+m9A9Mllin7ZT8S2j4g76iXGXh8R9/0ksW1FM/iaMP03IPrkMkW/7Cdi20fEHfUSY6+PiPt+kti2ohl8TZj+GxB9cpmiX/YTse0j4o56ibHXR8R9P0lsW9EMviZM/w2IPrlM0S/7idj2EXFHvcTY6yPivp8ktq1oBl8Tpv8GRJ9cpuiX/URs+4i4o15i7PURcd9PEttWNIOvCdN/A6JPLlP0y34itn1E3FEvMfb6iLjvJ4ltK5rB17SL6UcIIYQQQgidrlY0g69pF9MPlwV9cpnQL/tBbPtA3KEXjL0+EPf9WBNbzeBrwvTfAPTJZUK/7Aex7QNxh14w9vpA3PdjTWw1g68J038D0CeXCf2yH8S2D8QdesHY6wNx3481sdUMviZM/w1An1wm9Mt+ENs+EHfoBWOvD8R9P9bEVjP4mjD9NwB9cpnQL/tBbPtA3KEXjL0+EPf9WBNbzeBrwvTfAPTJZUK/7Aex7QNxh14w9vpA3PdjTWw1g68J038D0CeXCf2yH8S2D8QdesHY6wNx3481sdUMviZM/w1An1wm9Mt+ENs+EHfoBWOvD8R9P9bEVjP4mjD9NwB9cpnQL/tBbPtA3KEXjL0+EPf9WBNbzeBrwvQ7Xn7u6eHFL7kPCV984enh4cvug8aXXhyevndvuJfqOZfp5Yfz94YvDi/ez9NPdYzpn37hi+7D+TApLxP6ZT+IbR+IO/SCsdcH4r4fa2KrGXxNF236X34uMMWRaY7PhQZZDPqU5/6Lo72eqZcXm/4o7aiq6Q9Qbx4y05/zxRcezvku0fRHNzbJNcr1+XNRzF8eHk554hjW+mkmvjnK+sC06eFYi05THabt5TL2hMVyP4htH4g79OKssVfb36Jz4V5R3t+q5U2U97c2/6HnT/MaFffY82HO78ea2GoGX9Plmv5x0rw4DXQ7uP2gNmZuMtEy8fykenl4MTDLMvgn81wpTzjrSf+EXQRsnfGErJt+SRssJhdo+l9+IVg0xCj7RcQsbnPbw5h/ccwzXVOUrtJPAWn/hfnNYnv/6ajumJY6xriP/V67cdgTFsv9ILZ9IO7Qi3PGXnF/M3vN7A1C71He32rlzZT3NzlX9iOeWv4QabO2v24Fc34/1sRWM/iarub1nnngikGOJ0RxUMtkK5jtNM8WT/rNgqAZ0Uo7DOP5qP3p5zPZvk9kIbTXmMVeFh/1qULebxNqfOY6PNIncT/kaYooddifrqwoY2NYLPeD2PaBuEMvtht7wZ6Q7Rul/aKyv6l58mPz/lYry1PLH1Jq73Yw5/djTWw1g6/pakz/PKCVQayaRsWQBqQT5Nwn/VLedDcv7QnbWGifRSZ4fj0XbfoDY58vNKVFprz4qP2k3Dzk6doXNPXmxPTJ/otiCRbL/SC2fSDu0IvNxl6w9+R7TsmQV/YR7UFYdX+TOoKHjpp3aNof9WNbw5zfjzWx1Qy+pqsw/TJw54GvTC7NVMuxdKI54vIsxrQHT/at7OSW9FXTr9UVHtPaZ7CTOyt7TL/lRN22TyT+86LXZvoL1ymU+qlpUWs07Fkd4Y3WUhnBAuzLkLap/bkOFsv9ILZ9IO7Qi23GXry/5XuO7Aep6a/sb0l5E42m3ZedHT95f9x+P2PO78ea2GoGX9OFm35twCsDOTHJxsBXTHY+seosmv6TkOsoG+G1bayxWZ+IeU5ir5r+cDGSBUVb9EbK/TRSWNSyuhZMv1ZHXM5CGeGCaK5fFkz9etbCYrkfxLYPxB16cfbYU/a33EiLhwjSVPY3rbyJpv3NEe5Bnpb8mo/YYT9jzu/HmthqBl/TBZt+a9DzSSDH40EaDnYxebphLpU3U5p0xcmoIGntRAqUTM7qQiFok/UMNukTWSDS6xiR643aGi4q5jr1Ra/cT57cjOevYNUNu16H5En6x+i8he8UWCz3g9j2gbhDL84ae4X9zRyPDPe4f/h0lf2tWN5Ey/7mCPfUieX8tVeWt4Q5vx9rYqsZfE2Xa/orxtcY62kSBINfnRyOSnmeNeZeJVsgHKXjJRrauobz+yR5uhGSLHxitOcbsDWLWE5k2iVPtojmC99EYx3VMnaGxXI/iG0fiDv04vSxV9nfzP4w72PhQ66yqa6VN1Pe38K/PFd+WFnfH+9uX2PO78ea2GoGX9PFmv76E3M7EfzxaUKIuQ7TG9mBXy/PgukvIQtIErtRPlZRbKfrjPvIy1xXsZ9snvnaw3q1BTZd2IL8lbEQc3eLYwqL5X4Q2z4Qd+jF6WOvvr9Fe0nBg3jZvatcntkrA3Nf2t/E0Pt88364Yn9sfuh1Psz5/VgTW83ga7qKX+S9K9QbA6/kBqGEWsbayXdxph/2gH7ZD2LbB+IOvWDs9YG478ea2GoGXxOm/wagTy6T8/olfpoU/4QqfgoVngufIMU3o7XyAtSnXiPyZGnKX/7Jif4EK2nXqGL9jWw55qMb+fTmvyke8VO4ankTbX1YejhQrqPydHADTo57JV7lsVUZs7XyJsoxnjDlnJHfjI+Nf5K4cazOHY8TJ8QqnfdGxTbUYZ/rw7lxr42/4lpXmQPRmCo9cC3OE8tcRmk8CzKnwvPxHPM65wHumthqBl8Tpv8GoE8uk3P6pfqvQY4L1rTQhOfG78v/ynW5vIlKPeG/QGkWcWWxjY/HC+bWv3S23Ziv/yvfLfEwxm/azM7816ijPkw3HU+5jqifo3Ztw6lxv7R/EdUj4/Lpwj+UtJx/nGOSXyn3HLaN1ZnjMeC8WFmkzVr9LbDP9eG8uNfWqsp+UZoD49gq7XEz5XkixHMgbp/F38CWx7tF0tXOL7MmtprB14TpvwHok8tku34JFxdZ0OINVRYx7clceYPVF6ssvWzemmlUj+dlzuWdvzim7DbmZYOZjFRjPJQ+mQjKm2nvw9LxCLUOodKuE9km7kG7sraX2lwbQ1qehhiPdT98uVTucv67+Re/g/K3iNWp4/HMWFnOixX7XB82jfs0/vKxVN6vyuNGzVObJ8U1XKO25oyoc2kda2KrGXxNmP4bgD65TLbrl/qiVVosy4ZRX0Tz9Ho6qa9pQ48W+OBHomculMJeYz6MZWs8ahuJ2jfNfTjW17BBlfpf4q8eP4NN4h5cf972dmM5ocV/McY+toX6lvLLeTOOK+3ago1jpY6VvWPlUOteAftcH7aM+zwGlDFaMtHK+PJoe1w+zoJxa9bEl8fPfj+qzd3S/BJq59pZE1vN4GvC9N8A9Mllsk2/yOISLGwrNljdXCflBdRNrnxvF0p9425dxG3952z+wi5jXtobxLbN9MuxwuKflDex0Iem7xY3JEdWh43vVjdXKefHPY5XdYOeKI/ZYvwXYjy/bqbVN1LNL3nCeVHvp7k/wzob+ja5trNjdeJ4PC9WnuU4LcE+14fN4h6NP2U8yPlszSrM7xEzr5Q1rjZPTJ5kTpXXycJ4F9S2rmdNbDWDrwnTfwPQJ5fJ2f0im2m64BU22HmTt5t+vOg5tPICVJOrmASzUGbH9UW82I4zF8ytx7xce7qIL8ZDFv6CkdHKm1jsQ4/EtGR2F+oQKu07lbPirrRHrjvfoIM0tTFbu75ajKNxuc7ISv64r5RxHxFej+3P8o1zwMaxOnk8nhmriaic02Cf68MWcc/HX8N+ocwBi4zD8hyqzRM5t9iOicJ4H9nqd9TWxFYz+Jow/TcAfXKZnNUvZgPXFqN8kYqfxBVMYrG8mWyxlDyqUZgX0Zl8gcw2fk+x3Ha2HPOyIWkbSDUesiElRsdTKm+m1ocJBbO0XIdlq83Jc3LcS/GS4+km7NPVxmwl/pZSjO0csU/eY8VjtZRfjmv5N4zzxrE6fTyeGyv3YWSLccg+14dz466Pv4X9oji/7ZhU9xVPbZ7UzmXkbbTU8qxjTWw1g68J038D0CeXyTn9Utsko0VUNvtgQStt7k2bbmIcpB67uI6LXLhQFhbk+ClKaATCv5DQsGg3sNmYD418SjEecg2xyZmolRdQ6kP7y6H2cDFWxTrG9M8F/ZK0fwtOi3slXuPR0iss5TFbK2+mOE8ipCy9nrb84Tjfgo1jVRwrMfvGapsYsc/14ay4V8Zfeb+ozIHKHjdTnifaufgmIKQw3rMbh9NZE1vN4GvC9N8A9Mllcnq/yGKTP12LFy5/PFnAgvRGZvOtlCcLWLAhR2UEC1tcdrAgR/njekKzKqbAH19etJfZbMyb9s9ts1qKRxj/WeZ6i+XZ2Cz1YVp2mr5eR3pO2bDO5LS4V+JlTgdtnsxibQ6UyzP9NZVRinGI1OPPtfZRiKQJ5sPZbByryli5s1g13ngswT7Xh7PiXlurknE7jfHKHIj3Iadgj5vGozpPHOo5W+fcBiEc7zPShjjd6ayJrWbwNR3C9KsdHW7Aaac6JN+8KFk26zAZOOlCVnxCsi8shpcJ/bIfxLYPxB16wdjrA3HfjzWx1Qy+pmM+6R/N9cPwCcMupl/u/JK7PPWu1crUc0jTH991R7GT653OxU+7wie70c1RlKf0RCnOn/ahEP04OUNvs3rzuOlTuhgWy/0gtn0g7tCLbcfehe1rqbdQfzJyWpvPhTm/H2tiqxl8TYc0/bFxHyfCpqbf/8hpzFt4f7GITLyDmf7av/RYfDduTFf6V/Na/iXNqCytnnFhk74pmf6mf31W0H5asyEslvtBbPtA3KEXW469S9vXJE/5IZblpDZvAHN+P9bEVjP4mg5o+scBHk2o9POMuatOBr9MiLrp9+jvc9nj/o7a3hxMaWQiHsz0xwQxyQyzLDy6uZaY6wualiePu5a/XGZKrR+149vBYrkfxLYPxB16sd/Y67+vte9nntPafArM+f1YE1vN4Gs6nOmXyRGb9nGAa0ZbDPg4EdK/aiD5vWFffuKfm0K5kYjyhXfchzf982KSL1JlE53FzKPGS1mwskVNq79EYQFUytwaFsv9ILZ9IO7Qi/3GXv99LfQlba/nnNbmU2DO78ea2GoGX9OhTL+ZGJlRGwe/YrQns59MQCmjbvY9jaY/mHzHNv0Sj/naWxcavc8EiZu2MNUXR09ev0bc5pltF8USLJb7QWz7QNyhF/uMvcva1wRTdtVHnNbmU2HO78ea2GoGX9NhTL/2qo5lnEzJBJG04SQIJ6h8n5tAjdLEsRNuvisP0hzV9Mt1JQuZvtCEi5qNk2rMZbErPs3QF8e0nLz+BKXNE3JOHUvbwmK5H8S2D8QderH52LvAfc2S1hlwUpvPgzm/H2tiqxl8TQcw/ZVJZkhMf+Hu2T+hP9/0O7R6ZEIezfSbRUZZQLLrD/vB9pkaZ8lXjVEed63Pqqa/1GZH+xg4DxbL/SC2fSDu0ItNx96F7msWSau07aQ2nw9zfj/WxFYz+JoO+Iu8KesG+Dmm3/y0YXrCn2qcjAc0/eV/FXOMe/DEITLh4yK0+glGgJQ1L2JST54nqi+h3GYh79e9YLHcD2LbB+IOvdhy7F3avhb+9Z843cxJbd4A5vx+rImtZvA1YfoTZEKcavoXOZzplxjkNzjhIjgdD67bLFpB+vm8LE7J8VGmP0xZfhGM69X6K13YTJ2mjoU2rxwv58BiuR/Etg/EHXqx3di7wH2tVmfLvlbIvwXM+f1YE1vN4GvC9CfIJGoz/SdwwCf9cDr0y34Q2z4Qd+gFY68PxH0/1sRWM/iabsD0A31ymdAv+0Fs+0DcoReMvT4Q9/1YE1vN4GvC9N8A9MllQr/sB7HtA3GHXjD2+kDc92NNbDWDrwnTfwPQJ5cJ/bIfxLYPxB16wdjrA3HfjzWx1Qy+Jkz/DUCfXCb0y34Q2z4Qd+gFY68PxH0/1sRWM/iaMP03AH1ymdAv+0Fs+0DcoReMvT4Q9/1YE1vN4GvC9N8A9MllQr/sB7HtA3GHXjD2+kDc92NNbDWDrwnTfwPQJ5cJ/bIfxLYPxB16wdjrA3HfjzWx1Qy+Jkz/DUCfXCb0y34Q2z4Qd+gFY68PxH0/1sRWM/iaMP03AH1ymdAv+0Fs+0DcoReMvT4Q9/1YE1vN4GvC9N8A9MllQr/sB7HtA3GHXjD2+kDc92NNbDWDrwnTfwPQJ5cJ/bIfxLYPxB16wdjrA3HfjzWx1Qy+pl1MP0IIIYQQQuh0taIZfE086b8B6JPLhH7ZD2LbB+IOvWDs9YG478ea2GoGXxOm/wagTy4T+mU/iG0fiDv0grHXB+K+H2tiqxl8TZj+G4A+uUzol/0gtn0g7tALxl4fiPt+rImtZvA1YfpvAPrkMqFf9oPY9oG4Qy8Ye30g7vuxJraawdeE6b8B6JPLhH7ZD2LbB+IOvWDs9YG478ea2GoGXxOm/wagTy4T+mU/iG0fiDv0grHXB+K+H2tiqxl8TZj+G4A+uUzol/0gtn0g7tALxl4fiPt+rImtZvA1YfpvAPrkMqFf9oPY9oG4Qy8Ye30g7vuxJraawdeE6b8B6JPLhH7ZD2LbB+IOvWDs9YG478ea2GoGXxOm3/Hyc08PL37JfUj44gtPDw9fdh80vvTi8PS9e8O9VM+5TC8/nL83fHF48X6efqpjTP/0C190H86HSXmZ0C/7QWz7QNyhF4y9PhD3/VgTW83ga7po0//yc4EpjkxzfC40yGLQpzz3Xxzt9Uy9vNj0R2lHVU1/gHrzkJn+nC++8HDOd4mmP7qxSa5Rrs+fi2L+8vBwyhPHsNZPM/HNUZi/1P8h1TrCNi/0zV6wWO4Hse0DcYdenDX2avtbdO7huKt5yvtbtbwJfX+L9q1JYb2OljrMPqfk3RDm/H6sia1m8DVdrukfB/SL00i1kyOaFJNRk4nnB/zLw4uBARRjOBnCSnnCWU/6J+wiYOtMnuZXjaWkDSbmBZr+l18ITLMsJN5Em4VnbnsY8y+OeaZritJV+ikg7b8pf9SXYf+H1OqQPHqb7xIWy/0gtn0g7tCLc8ZecX9L9pfQe5T3t1p5M8X9LUXyK/5huY7RV4y+pljuRjDn92NNbDWDr+lqXu+RyWYniBjk2OTN5xIKk0VI82zxpN8sCGPbsklWaYdhPB+1P/18Jtv3yWyas9jL4qUscFq/TajxiY25IH2i9UPpeERYh7QxrG/jeLfCYrkfxLYPxB16sd3YC/aebG/K9yVLZX9T87Tub7VyQ/Ly7NsDpfZuB3N+P9bEVjP4mq7G9M8TQhnEqmlUDGlAOsHOfdIv5U132tKesI2F9llkUufXc9GmPzD2+UJVWmTKi4/aT8rNg96fY7nqTUZMnFfaMve3vtjuD4vlfhDbPhB36MVmYy/Ye/I9p2TCy/ub+iCsdX+reoeAtDz5bPJV2rURzPn9WBNbzeBrugrTL5NhHvjKINYmhhwrmMG4PIsx7cGTfSs7uSV91RRqdYXHihNXFhDFcI7pc3N7Otv2yZJh1haZwnUKpX5aWBRNH5o+aljQ1Dqknbaf67G2bTd1+TKmBfU8WCz3g9j2gbhDL7YZe/H+Fu45Fs30V/a3pLyJJtOv1aWR1iH5/L6Y7sfb72fM+f1YE1vN4Gu6cNNvB2g8EdJBPJKYZGPgKya7bvJyFk3/Sch1lI3w2jbW2KxPxDwnsVdNf7iYyYKiLXoj5X4aKSyKebwqcRxR60iuw9xA1Nrhz5l8smC2LMTLsFjuB7HtA3GHXpw99pT9TTfiQZrK/qaVN9Gyv4V7T4lCm+dyEr+0w37GnN+PNbHVDL6mCzb91qDnZk6Ox4M0HORi8nTDXCpvJpt0jtJxDUlrJ1KgZHJXFwphnIwXZ/plgUivY0SuN2pruKiY69QXvXI/efKbu+IrWIV4leqQ43F/5nXdBSyW+0Fs+0DcoRdnjb3C/maOR8Y7eKhV2d+K5U0s72+LvkOtQ8pN/IfReca+BnN+P9bEVjP4mi7X9BeMnGCM9TQRg8kTGs6USnmeNeZeJVsgHKXjJRrauobz+yR5uhGSLHyhoS6a9Fo/BUSmXfK4BS7686ambcrNXKUOM37CxVL6p7pA7wOL5X4Q2z4Qd+jF6WOvsr8ZfzHvY+FDrvLvAdbKmyntbxYpo2bU2+qw7W9JdzrM+f1YE1vN4Gu6WNNvjFl6tzpNCmv0/PHJ8Il5C9Mb2QFfL8+C6S+hPz3wsYpiO11n3Ede5rqK/WTzzNce1hsugHF75vRB/spYEGTB1Y7fJSyW+0Fs+0DcoRenj736/hbtJQUP4mX3onJ5Zq+cyijtb8J4LvEn0f621OYJSYfpv1bWxFYz+Jqu4hd57wr1xsArm4A6ahlrDL9wcaYf9oB+2Q9i2wfiDr1g7PWBuO/HmthqBl8Tpv8GoE8uk/P6JX7SEz/hiZ9Cheein3BEN6O18gLUp14h6U9rQhrqMK+L1X6s3caWYz66kU+vuRQPcx3ueHI91fImSn2YPmGsxUrinZ8Px0Cxn0/k5LhX4hWfC59aVsZTrbyJ8jwRwn4qj9VCHYvz5Aw2jtV549FyTqzC8XjOwy72uT6cG/fa+CuOjcbxVHzgWpwnSXtW52/cRxtZE1vN4GvC9N8A9Mllck6/VP81yHHRmxbI8Nz4fflfuS6XN1GrxyM/pbqf/sULS0sd8p6s5NdNWjvbjfn6v/JdikftX/g861+jNv2m9E2EN2hKLKUt00am3xScw6lxv7R/ETWsx8TzhammiWIdlXGxBdvG6tzxeH6slv919TbY5/pwXtzL4y8eV/HYaBtP8R43U54n8Xxan79pH13BmthqBl8Tpv8GoE8uk+36RRYnvwjJghQvNLKQak8cZLHSzUhY3kyWXha1aYEUxrrHxa9cbohSx7jgPnxZr3stu4152RSmBX4pHp68TyaC8mZqfVgpKyOPpbQ5HAvlX0Y8jW3iHlxjFp/S9dfGjZZnqxh75jzt42ILgrZuEatdx6OnnKe0VrXAPteHTeM+jT997dL3lfJ4UvNU5km6PqrzYYt51sia2GoGXxOm/wagTy6T7folWHQUg1FaLMsbrL6I5enjdN5AlhfnkLSO8bNp9/kLpbDXmA+vbSkeExXTp8aq2odSx/zj43qclVjKhjWVXWjvGWwS9+D68/iUxkflWrT412Is58ZNXfrXxrlhPAblNY+LLdg4VqvH45mxihnbpR5vg32uD1vGfR5/yhjVDLhQHE9jlmwu1udJlr429idOWJMaWRNbzeBrwvTfAPTJZbJNv8iCEyxUTYuUPaYuoGl5AVUzMy7Ivg6tvpi8jvmJc2kBXccuYz4yzAvxmJBjhetJypto7ENbtt5XlkIspd5Wg7aS8+Mex6ttgy2P2WL8azF28ZnKK/XTRFxH27iYMXMx6g+5nhazsHGsThmPZ8ZKmK//7gwSbMdmcY/GjjJn5Hy2Z+XjyWPGlbLHVedJMn5lLqfj+ex5toI1sdUMviZM/w1An1wmZ/eLbMbpglfYoOfFxy5G8aLl0MoLUM2Mqct/teSLYoBWx7jQzum1BXQ9W495s/gnG0g5Hg7ZQApGRitvYrEPA6LYpeSxjOvdZmMKOSvuSrz0DTZIUxuzlfhXYyz5onOVManUsTguIsLrEQMj5nfpJzgjG8fq5PF4Zqxi7PWfOh7Z5/qwRdzz8SdjIRkr4/iJxndxPMkYLM+hpXki5+1N6DgWXxjHfjIvzplna1kTW83ga8L03wD0yWVyVr+YhUVb8PLFMn6KXthUi+XNZIud5BkXxHCRjJSaCLUO2yYt/6mbv7DlmJcNSdtASvEwZGZoplTeTK0PE9KNMEJiG+bTN9Ki2TuBk+NeilfWvvEafLramK3E31KJsZSbGVmlnkId1XGxBRvH6qzxeGasMsZ09baUYZ/rw7lx18dfunbZeTXtCcXxZPeT6t5Rmycp2nis5a+tSSewJraawdeE6b8B6JPL5Jx+KZrAkWgRDTflyoZaK28iWdCkHm1xzUyPo6kOs2i3pKuz2ZiXay4ZtmI8CsZHqJUXUOzD8fv2v3aSxtJuiGHf6Bvu6ZwW90q8kmsMx1Z5PNXKmynG2MWpbjAqdRTHxRZsHKtzx+OZsWr619UbYZ/rw1lxr4w/Gb+zuZax7cdQZQ5U9riZ8jyR9sTrq1bPKWvSaayJrWbwNWH6bwD65DI5vV/s5pg+GZ8XO1mU/PF4cUrz2A26Up5s4sHCF5VRWayntkz5l9rskXTnL5ybjXnT/rTdS/EI4z/LmJlieTY+S31o4zPnnQ2STR8bJi2WSdsaDN8aTot7JV7mdBCzxGyG6UU2fuXyTH9NZZRiPGKMuz/n+zvso3qbW+bJaWwcq8r4vptYxefm8b8e9rk+nBX36voaj9tpjFfGUzTvvII9bhpf6jyxyA2uPReOc1vnyfPsRNbEVjP4mg5h+tWODjfgpFM9ki/tEDk2D64zkEGRLvbRE5K7g8XwMqFf9oPY9oG4Qy8Ye30g7vuxJraawdd0zCf9o7l+OJn57U1/dJMRlq3etVqZeg5p+uO77ih26hMgy3w3PSq8OYrypE8pZ8L8UR9W6pwJ26zVIefLdW8Fi+V+ENs+EHfoxbZj78L2tdE1zE+R1+eP2jVqkwebDub8fqyJrWbwNR3S9MfGfWvT3/YvGKrIxD+Y6a/9S4/pe2/TIjimK/2reS3/kmZUVlJPmD9ONxO1OarDL6zjuNjgFZMlWCz3g9j2gbhDL7Yce5e2r8m5yWdE7Zmp7osbv2sewpzfjzWx1Qy+pgOa/nGwRxMq/Txj7n4TUygTZ9VdcPYaT/peVzDZZLIW2rInd9cncu3uerO4yCKkP3mPFrQILU9Qh6OYvynebXXsAYvlfhDbPhB36MV+Y6//vhabdkm7Jv+++xlzfj/WxFYz+JoOZ/ploMemfZxgmvETQzhO3vQOWPKv+RFYOrHlRiLKF96VH970z4tZGpfawpPFzKPGS1kws4XYko8FhTFvvjDvu0h6WCz3g9j2gbhDL/Ybe/33NeNL/B63Or+0MXgQqeyV58Cc3481sdUMvqZDmf5oYkyMk0Ex2pPZTyZQk1H0yKRKys4nejAZD2367cLir711cdT7TJC4aYtpfXG05+3ilpt5T7AIqnWXF/ItYbHcD2LbB+IOvdhn7F3KvubKNHtbks6wnN9ir6e8N66HOb8fa2KrGXxNhzH92qs6lnEyKMY8HPThBJXvW0x/ub7AUBoFE/yopl+uK1nI9MUxXJQqi48sVurCJuiLm1aO6deleKt16Qv51rBY7gex7QNxh15sPvYuZl9Ly5S06f7Uvi+a61K9y2kw5/djTWw1g6/pAKa/MskMiemXiacMeP+EvsX0pzcNKlo9RzT9ZmFUFrLs+sN+sH2mxlnyVWMkefOFWO8zSVtaZGfyX3LK69gDFsv9ILZ9IO7Qi03H3iXta4pv0G8+GvdFTP/VsCa2msHXdMBf5E1JTP8Ci6a/MmHM0//pCX+qcQFRJu9dsGeflP8qgDx5mM9Fi9S4AOo3TW0mXcqaF16px+cZvw/7Rl1oxzqeC46pi3u+gO4Bi+V+ENs+EHfoxZZj7+L2tdFDzL5EystvLmr55784qOc9B+b8fqyJrWbwNWH6E2TiVCeEGEnN0LvTVQ5n+u0CksYjXASn48F1m8UpSD+ft4tbes70hynLxzmuN+yvuOy5X8xx34aoD7XFXcrH9F8zxLYPxB16sd3Yu7x9zT6cms/5tkT7WiV/+EBSvzE5Heb8fqyJrWbwNWH6E2QSRZNtSw74pB9Oh37ZD2LbB+IOvWDs9YG478ea2GoGX9MNmH6gTy4T+mU/iG0fiDv0grHXB+K+H2tiqxl8TZj+G4A+uUzol/0gtn0g7tALxl4fiPt+rImtZvA1YfpvAPrkMqFf9oPY9oG4Qy8Ye30g7vuxJraawdeE6b8B6JPLhH7ZD2LbB+IOvWDs9YG478ea2GoGXxOm/wagTy4T+mU/iG0fiDv0grHXB+K+H2tiqxl8TZj+G4A+uUzol/0gtn0g7tALxl4fiPt+rImtZvA1YfpvAPrkMqFf9oPY9oG4Qy8Ye30g7vuxJraawdeE6b8B6JPLhH7ZD2LbB+IOvWDs9YG478ea2GoGXxOm/wagTy4T+mU/iG0fiDv0grHXB+K+H2tiqxl8TZj+G4A+uUzol/0gtn0g7tALxl4fiPt+rImtZvA1YfpvAPrkMqFf9oPY9oG4Qy8Ye30g7vuxJraawde0i+lHCCGEEEIIna5WNIOviSf9NwB9cpnQL/tBbPtA3KEXjL0+EPf9WBNbzeBrwvTfAPTJZUK/7Aex7QNxh14w9vpA3PdjTWw1g68J038D0CeXCf2yH8S2D8QdesHY6wNx3481sdUMviZM/w1An1wm9Mt+ENs+EHfoBWOvD8R9P9bEVjP4mjD9NwB9cpnQL/tBbPtA3KEXjL0+EPf9WBNbzeBrwvTfAPTJZUK/7Aex7QNxh14w9vpA3PdjTWw1g68J038D0CeXCf2yH8S2D8QdesHY6wNx3481sdUMviZM/w1An1wm9Mt+ENs+EHfoBWOvD8R9P9bEVjP4mjD9NwB9cpnQL/tBbPtA3KEXjL0+EPf9WBNbzeBrwvTfAPTJZUK/7Aex7QNxh14w9vpA3PdjTWw1g68J038D0CeXyXn98vLw8N694Z7Tw5fdYcMXhxfv6+defm4+fu+5MFOtvICXH87577841jTypReHp4O8XloZYf1Pv2ByG774wtNzXl/uGTDm+0DcoReMvT4Q9/1YE1vN4GvC9N8A9Mllck6/fPGFF0eb7jCm++H0WYz1ZKjDc+P3L06Z7I2BN+a18iZq9UTIDUSe3xj76UZD0jw9vPgl+/2LQTnlctthzPeBuEMvGHt9IO77sSa2msHXhOm/AeiTy2S7fhEDPxvo1HCLidaeuosJ1811WN5Mll5uApSn8nq5eZnF+uWnCdFPIdbDmO8DcYdeMPb6QNz3Y01sNYOvCdN/A9Anl8l2/RIYfcWIl8x16WZAu3EQ8vRaOj2verxg7ss3I+0w5vtA3KEXjL0+EPf9WBNbzeBrwvTfAPTJZbJNv8Sv6bSafjmmP01PygtoMf1lw95o+uUY7/RfLcQdesHY6wNx3481sdUMviZM/w1An1wmZ/eLecc+eQ2nYPpns25NvWrMtfICVNMf1SVla0/5Bd30h+2Q8s99rcfDmO8DcYdeMPb6QNz3Y01sNYOvCdN/A9Anl8lZ/WIMumawc3P98nPeyJef4pfLm8me4kue0KSnnyOk7vydft8WMfz6TwhOgzHfB+IOvWDs9YG478ea2GoGXxOm/wagTy6Tc/plNvI5kYEWI+6fxidP1kNq5U0kNwbpk//yqz0WOT8/yQ9uTqo3C6fBmO8DcYdeMPb6QNz3Y01sNYOvCdN/A9Anl8np/WKf2E9/195pNtxiqP3x2cwb0x2kNzI3BJXy5B37wOhHZSRGXb1xiPLH9Uw3DCbNfNyq/lOHJRjzfSDu0AvGXh+I+36sia1m8DVh+h21J53hawgq5gloalpGeVMkpiYySLrJCk1Q7YnpWpiUlwn9sh/Etg/EHXrB2OsDcd+PNbHVDL6mizb95hf7vCnOnirO50KDHD2JTH6hsV5ebPqjtKOqpj+g+LQzqS/liy88nPNdoumPbmySawyf1EYxD58456+C6HlCCk+GHXMfFW7YojbHr6X4MicV27AfLJb7QWz7QNyhF2eNvdr+VthHavtbtbwE2Y+y/b5YZ46af2Rxf9wI5vx+rImtZvA1Xa7pHwd9+V8PTd8N9oO68i97VsoTznrSP2EXAVtn8jS/avolbTCxL9D0v/xCYIrF5HuTbBan2FD7tpf/lde2f4E17b9SPWl5lnBc2D4s9YGc2zLerbBY7gex7QNxh16cM/aK+1tlH6n+q+jF8mZMWeIX7qf7T9veVc4/lrC4P24Hc34/1sRWM/iarub1ntmYiUGODfp8LkEmW6PR2+JJv5mEMgHTO/NKOwzj+aj96ecz2b5PZFGy15jFXhY/9al53m8TanzmOjzSJ6YfinUEZGXm5VlKx/eHxXI/iG0fiDv0YruxF+wJzftIZX8r5rFke2hznZb2PXgfmPP7sSa2msHXdDWmfzJ82gRQTaMyGQLm8iznPuk3Nwl+okl7wjYW2mdJnvILY/qLNv3BopLGcTxSWKDKC5faT8rCNaUz8Xl5jJu/KcvLzcvUF+XaGNkbFsv9ILZ9IO7Qi83GXrD3tO4jtf1tyYSndbTXacnSN+yPW8Kc3481sdUMvqarMP0yqGfT3Gj65VhhosXlWYxpD57sW9mJJumrpl+rKzymtc8gk1n5KcKYfksjum2fSPznBajN9BeuUyj1U8X0m/5b+PGnTzujLZyVhXrCtt2MB98eaZvan+tgsdwPYtsH4g692Gbsxftb2z5S2d+S8jTSOtrqnNHyl/fH7fcz5vx+rImtZvA1XbjptwM0ngCKUUtMsjHwFZMdl7eMTJqq6T8JuY6yEV7bxhqb9YkY9CT2qukPzbosKIVFr9xPIwXTL3XFi5iQjwlJE8dQ+r4+blTCBdFcvyyY9UW8FRbL/SC2fSDu0Iuzx56yvy3uI5X9TStPI62jae8K0PIX98cd9jPm/H6sia1m8DVdsOm3Bj03xXI8HqQyyH06MZK6kSuVNxOWE1I6rmEmnJlIgRLzWl0ohBYzuoJN+kQWiPQ6RuR6o7aGi4q5Tn2xKveTJzfy0ytY0pZ0UUvb1pCm9krXXcBiuR/Etg/EHXpx1tgr7G/VfaSyvxXLU8j20Jb9LeDc/OfCnN+PNbHVDL6myzX948AtmUJjrKdBPQ5o7S42pVKeR8ptNfcq2WRzlI6XaGjrGs7vk8qThmThC5/8F011rZ8CohsDyTMtXNLnc9nxePDkaeKYBuOmEyyW+0Fs+0DcoRenj73ak/TyPlJ+aFQrL0ffm2p7V0xL/lX+YyXM+f1YE1vN4Gu6WNNvBmrxibl9au+PT0ZdzHWY3shOvnp5FkmD6deQRSSJ3Sgfqyi203XGfeRlrqvYTzbPfO1hvckCG5aRjIspv5rG0XjjsScslvtBbPtA3KEXp4+9+v5W22vC9CK795TLM3ul4juy/b5lf3O0598H5vx+rImtZvA1XcUv8t4VkXlN1Thx1DLWmstxwmaT+AyYlJcJ/bIfxLYPxB16wdjrA3HfjzWx1Qy+Jkz/DUCfXCb0y35sGdvoRj69+S89UTOvvbnjyU+pquVNxE8So59AhnVWHyjEP+b3mF+gd/m3fLggnBz3Srzic+FrE/ET1ShGtfImGmO8uo/Sp8Cl+k9k41htOh53Hc91WE/7cG7ca+OvuFZV5kCY55T10WDKL7+iVWxz1K7k3Amsia1m8DVh+m8A+uQyoV/2Y7vYVv716GRjCM/V/oXP8/41atmo9DpnvMF6epB/rTPc1MxmNW2ElU3vRE6Ne49/EbUY40q/hpT7SOI/59+abWN15ng8O1Yt47kN1tM+nBf38virrVXFOTCOrRd9FjMPkxtMQ3l9tPWIWR/PBeMyZmFPqN5orGNNbDWDrwnTfwPQJ5cJ/bIfu8VWNpjJSCXv0sqCr5hLu5EUNpCgvJk8vWwsZvNKN5Uxf9kkyeYWbmrpZ+UazmSbuAfXn8WnFMv82ma0PJUYpzFV+7WSXzm3H0FdW8Rq7Xg8N1arxnMd1tM+bBr3afytWavK862+vq1dMwqEc0adP6ezJraawdeE6b8B6JPLhH7Zj71iG24is8nzFDaK4s1AYVNS0s/ppI55o8rbEJJuakr7Om5SRYLrz+NT2qgrm7QW/0qM8zqVshf7yP14f1Rc1sZsHKu8jJHdY9U6nuuwnvZhy7jH46JxrVLGl2fd+hhSniMp0RyQNk5zv1R2O2tiqxl8TZj+G4A+uUwuv19kUXQLmF9UZYHd0CTuxS6xlQU92FzaTH9saiKS8iaqJkmQMlsM5TWa/jheuanUNmo7TvXNvRD/WozlXBAnOZ79I0uLfeSxfVUzsrb80CTI9bQYjo1jdcp43CRWNkbL47kO+1wfNot7NP5kTCTjSF2rCvN7xIzF6tqmzQ+PUr9Gac4Icq6ljAprYqsZfE2Y/huAPrlMLr5fZLP2i6ZZwEJjctlsHVsx+OkGopr+cAOoLPpaeRMFk2TqSsqsb2zppqZvpOcYrZSz4q7EKzaHQmKIjeksjMlK/KsxFkxeb0RfzP9xo6X8IdUYh9cj/dNofjeO1cnjUTgnVsl1yPG6USvDPteHLeKej7+GtUqZAxYZ9y03kOn6GLJs+qtzxnHuPwC6JraawdeE6b8B6JPLhH7Zjy1jK4u7toFkJkvMjd8EZENKzY+jVN5MvuH4zUPyxsaytjmlm1q+yUXmbQNOjnspXnI8NQM+nTGxhWuvxN9SjnFG2K8TK/KPbVk2ICvYOFbnjMeMlbFaN57rsJ724dy46+NvYa0qzm9r+NvWtNNN//KcsRTnSSNrYqsZfE2Y/huAPrlM6Jf92Cy2qolxJEZqNjCymRQ2jFp5AdGmInncBmeehIabXdXc6hvnbAxPN1glTot7JV6mjfM1hDda5Q21Vt5MKcZS5/zXOcrGoJh//H7+CyJx+89n41idOR6lznNitW4812E97cNZca+Mv/JaVZkD4/iZxtki5fEa15dQbXPwV7LOGMueNbHVDL4mTP8NQJ9cJvTLfmwWW1m43asLs+bNwGxM/ni0QYXprcwNQbE82YACYxSVEW9MYqDivOaoSR8/4dI2NVuPz9/2RKyd0+JeiZc5HcRs2kTj6/Cy8SuXF5vMcozDfp1j1NpHe8Z441hVxvfdxGo8o47n9bCe9uGsuFfX19I8Ks+BaD32MmM4HY+CHEvXR4/UEY5FW6dpQ63NckOQHjuDNbHVDL6mQ5h+taPDDXhauGIkXzwI7LF5cJ2BDIz0bjB6QnJ3sBheJvTLfhDbPhB36AVjrw/EfT/WxFYz+JqO+aR/NNcPwycMG5v+6CYjNPbqHaCVqeeQpj++645iV7nrjZ7uhDGM8pTuwuP8aR9GZaQ3XgGmH7UbM593gzv1GiyW+0Fs+0DcoRfbjr0++5qg7kvmqfRctu5RGtu8sQdhzu/HmthqBl/TIU1/bNy3Nv3pO4ylCaggE+9gpr/2Lz2m75dOC9mYrvSv5rX8S5rxohjXE7chaZ/H3ZzJv8YXL66VNu8Ai+V+ENs+EHfoxZZjr8e+Vt6XxlPjzcTkVZI9zlNuc/way9b7GnN+P9bEVjP4mg5o+lOTn36eMXflyeCXCdFs4kckfXzjEN+RR3f1MhEPZvpjgsVFFrAotrJY5guVkMfQo+WJFzAhzC992tx/aRtXtHkLWCz3g9j2gbhDL/Ybe3exrwU01LG8z4X75Jg/9B3iQ6Lyz4M5vx9rYqsZfE2HM/25aU8GvMcN/PSvGkh+b9iXzaNMrIXJGN5xH970z4tTvuDlZt1TXMDUeCkL5rRIuv6Qz64P9UXXkSyua9q8BSyW+0Fs+0DcoRf7jb272NcCUtOvpM/bkRLuk9LGuS3LedfBnN+PNbHVDL6mQ5l+GczxHbKgm/7J7CcTSspYNPuTqcwnez7Rg8l3aNO/tLDoi6PeZ4LETVtMw8XMMS2Scm7sl6m8UhkOTP9hIbZ9IO7Qi33G3l3tawFnm/64zRZ7zPgWtV2nw5zfjzWx1Qy+psOYfjHbxUmWTBhJG06YcILK94umf8JOpHwRcJMrvTE4qumX60oWMn1xDM26FjuHualKjP2EbvptOfmCWl0cm0x/qR3nw2K5H8S2D8QderH52LvTfS2g0fSrPkVpc3ZMyt/QhzDn92NNbDWDr+kApr8yyQyJ6U8nlMM/oS9OphIyobSbDa0eZfLeBbv2iVlQlIUsu/6wH2yfqXFeXJAkb74Q27Jq5xTSNlbbvD0slvtBbPtA3KEXm469O9/XArQ6krao/9haoc36jYqS/0SY8/uxJraawdd0wF/kTVln3BZN/zghw/PhTw3MTxumJ/ypxsl4QNNf/lcxZaGaz0ULzxhD/SZNFiNloU2QsuZFMV4Q83OVxU1dXAtt3gEWy/0gtn0g7tCLLcdej31tItuXpD3Bg82Cjyi2WcoLbwZKNzQnwpzfjzWx1Qy+Jkx/gkziquk3Ezgw88nkrHI405/EwilcBKfjwXUbYx6kn8/LgpocH2X6I1q44nrj/tLPmTrT2CuLa6nNe8BiuR/Etg/EHXqx3djrta85tH0pKiO+6bB11Nsct610Q3MazPn9WBNbzeBrwvQnyOSom/4zOOCTfjgd+mU/iG0fiDv0grHXB+K+H2tiqxl8TTdg+oE+uUzO65f46VHLTzuE6BW07NUmPU+E9pTL/Lh4zuuVl1GuI3oStcGNMWO+D8QdesHY6wNx3481sdUMviZM/w1An1wm5/RL+V9ftMY+ev/Tnxu/L/2LkbXyJmr1RIi5z/PX/pXL+V+5rpXbDmO+D8QdesHY6wNx3481sdUMviZM/w1An1wm2/WLGHj/nmZuuMVEa0/u5em6bq7D8may9GLclafy5XJD9DoM6jut62DM94G4Qy8Ye30g7vuxJraawdeE6b8B6JPLZLt+CYy+YsRLJrx0M6DdOAh5ei2dnjennK7tpqEOY74PxB16wdjrA3HfjzWx1Qy+Jkz/DUCfXCbb9Ev8mk6r6Zdj+tP0pLyAFtPf/pS/cMMhT/l5p/9qIe7QC8ZeH4j7fqyJrWbwNWH6bwD65DI5u1/Me/HJKzIF0z8bbGu4VWOulRegmv6oLil74Sl/pQ4p/9zXejyM+T4Qd+gFY68PxH0/1sRWM/iaMP03AH1ymZzVL8Y8awY7f/o+/6MtlSfsxfJmsqf4kic06ennlEodYvjPfaUnhDHfB+IOvWDs9YG478ea2GoGXxOm/wagTy6Tc/ql/C9GJgZajLZ/Gv9y6V+MrJc3kZj29Mn/0qs9xTqWbhZOgDHfB+IOvWDs9YG478ea2GoGXxOm/wagTy6T0/vFPrGf/q6902y45Wm/Pz4bbfMef5DeyNwQVMozf5d/NvpRGYlRV039lH+pjvRc/acOSzDm+0DcoReMvT4Q9/1YE1vN4GvC9N8A9MllQr/sB7HtA3GHXjD2+kDc92NNbDWDrwnTfwPQJ5cJ/bIfxLYPxB16wdjrA3HfjzWx1Qy+Jkz/DUCfXCb0y34Q2z4Qd+gFY68PxH0/1sRWM/iaMP03AH1ymdAv+0Fs+0DcoReMvT4Q9/1YE1vN4GvC9N8A9MllQr/sB7HtA3GHXjD2+kDc92NNbDWDrwnTfwPQJ5cJ/bIfxLYPxB16wdjrA3HfjzWx1Qy+Jkz/DUCfXCb0y34Q2z4Qd+gFY68PxH0/1sRWM/iaMP03AH1ymdAv+0Fs+0DcoReMvT4Q9/1YE1vN4GvC9N8A9MllQr/sB7HtA3GHXjD2+kDc92NNbDWDrwnTfwPQJ5cJ/bIfxLYPxB16wdjrA3HfjzWx1Qy+Jkz/DUCfXCb0y34Q2z4Qd+gFY68PxH0/1sRWM/iaMP03AH1ymdAv+0Fs+0DcoReMvT4Q9/1YE1vN4GvaxfQjhBBCCCGETlcrmsHXtLnpBwAAAACAu0Ez+Jow/QAAAAAAV4pm8DVh+gEAAAAArhTN4GvC9AMAAAAAXCmawdeE6QcAAAAAuFI0g68J0w8AAAAAcKVoBl8Tph8AAAAA4ErRDL4mTD8AAAAAwJWiGXxNmH4AAAAAgCtFM/iaMP0AAAAAAFeKZvA1bW76tX9GGCGEEEIIIdSuVjSDr2kX0/+N/9+fIYQQQgghhE4Qph8hhBBCCKGDC9OPEEIIIYTQwYXpRwghhBBC6ODC9COEEEIIIXRwYfoRQgghhBA6uDD9CCGEEEIIHVyYfoQQQgghhA4uTD9CCCGEEEIHF6YfIYQQQgihgwvTn+izj+4P9+7dm/S+T7hzn3t+eOrZ38rSi1569v7w6HPJ8TS9fA7KneTTfOLZ4alHfzSnz/Rbw/vuPTu8pJ6L1dQeU17aHl/+Hw2PnlLKmM4l+Z56fvhslq6gNA5Tm6TcwvWpsUnTK+0y8mnG611o50vPBv29RnJNWdnK9dT6eDw3x+LC9LlvD3/12T9Xzv358PRT306u+1vDB54ahsfuJXL5P/toGJ6uxngsM807yuaRsr89fCxML21T0j/m2/WJ8fyjb83p1fJ9mbbtH1DHvZfShujcUv4eivvk6WeD7yWuY4x8/3h9LEgTqtgPmqK5Hq8n6hqFEEJoVx3Y9IupXbmxZMYrKCMzzbPaTPYsNf2S6Ze2jZtniyld2x6r0BSLYdViZ4112k5zo9Rk/CWesREWo23LU0yylxqbtemXTL+0bTQnK4y3tD2+wbCyfbSX6bemNTOWYty8OcuMuFNkkGPTFpq82CS7fKtMf9kQNpn+pMw5T71suYasbM30R+WHZVpzfCem3/RFXk7YD8U4Ffva1l/OH7dP6jLfK6Z/krQzqkNUi4FXsHYqnzH9CCF09zqg6bfGVJ4sPVV8Wl2QGK/IGAYb1Wam35pLa/6c0XQqGUJrLsVAuvQL5vAU0y/Gfa5fYqjFbqxfNc4VAx4piKc7tofpN/Fy7YyMecn0S7+P58Wsz7FW0pUksc3KVtq3ZPpdO/Ubu9nQ/dXUWCYGUsxcZtyTmwUx0uHT99n0KTcV0c1CopWG8BpMv35dXrU2tOS38X1sTJeZ/sh8K/0gqvR11O/qTUXc9l1NvzLWZY3xYxvTjxBCd68DP+kvGde61r/eE5p4qXPOq5lza3KfH/MsGEKpL21DkNbWoV2fbUNmLqumX64hbE9wHZGZ1ctuf9I/KriuOEZS9rKJj/tHSS+xGdM+GvPEcUtvWIJrzOJi+1TOZXFUZG8UXF8E5j1rn2KEwnNtT/qtsQzNoJjiyNhORs0aR2OEM2Mn58S4NZanmsLUQIsC4+sk9YvBDD/H5YTKy2wz/bbe2OCPOsH0Z0Y70nIb6vm9fPznY+kNUWTKXdp6X8flSf441uG1B9dRM/1B3fPxWgyclLGO6UcIob7C9LeqYJqNCX322fwJuJI+NK/WHAbtqxnCNZJyx+vOnjwXTb81uLFBrsUuMMteaV0nqWD6zU3CGN/MJCjpo5iGN2Pu8ybtDOViIeW6m5m5vlL7ktgZjenk3ImmXzV3iqGMza8vJ0+bmUDz1Dg28pMmE+lVN4Spsc0VGlOr2PT7upM6fBvT9mimP2x/VFYe21xhG2L91Ud/3pDfqxD3qf3K+VHFvp7M/3wu6/MoFkGcjbH31xDGar5Zi+us97GVzL9wzsafMf0IIXT3wvR7FQ2ZaDRlqmmeNzIx/5FpT9MbM56YzvDY+P35pn++ZvsThUp7/LHx+rKfJKyNXZOsCdfjK21QTPKo6TqkrVH80vSpyUiPjd9vavql/vQnAeEx/XrOV25Mdzf9q1Q3hOebfq1sey3edEflZ6a/pjy2+0mJuygw4Fo7Tjf9ybWFcSn1t2nLWLZ8jcqu9/Ekt77YOR7PTUw/QgjdvTD9qhSDmJlma2Jnw2wN3/RZM9nNsmWlxlhV0M7Y6CftS9pjX5MpmdI0dqe1p6Z805c64vaYn4ykbZ4+5+nXyF5/0nZVp46hQvsiI5SoabzkxlQ1glUDKPLGTTf9Nq2cm59kVzWZxroh3MP0y/mpfvfEXzW3G8o/AdfUdtOQx92UGcUxj1Wxrwumf0qbGHspJ4xRbvpt3/s0edvKfYwQQugyhelPZM3obPqN8VRMWfYk3UiMtquzYPqznwh4LT7pl7LLJve09pRidFrsmuSuczL98tOOyfgG1xf+FCTQfJ0VU63eeMx9Gh+fJWXnP/VYo3ofVSXXe6Lpzwy9GMDUxGXGzptrvbyiMVfMZSxbXskMV8s2smYzzWvz5GYzMvyTAkOtmX53Y5DW4RXGYp3yWJYVtFH9PEox4+W+zvNPxt5cb3AuLVcbG0oc5rrzftAlczRYPyPttL4ghBAqCtOfqPhj54KJL6pi+vVNUDPtoc4wlKJVpr+kZeO8qOLNTcHEF1Ux/UpsjXY2/ZLf1FMbJ7X2nWj6U1OXPw0WxUYuNI+xcVbMZ6hF01+X1FU3/TW1ms1Amukvqt20myffwY1CqJb8eZxt3WFbpY6s7ZW+jtIX+0kx9MrNRV1rTL8+p3m9ByGE7l43ZPrl85Kx3nAzqph+tQ1FM+x1dNO/VhXTf9dP+r2Rd/G15r8Q18K4aJduTI1x98YzMvCByRZz59NEhtCW6c9VTTmm30gMdpu5L0m7ubL9NfWR70fTb3Nava/z/M3t62365adc56xtCCGEmnRg03+apqe1qlZsTBXTr5fd60m/3hZR3h5pg55W1GSYzQav5xe1m+6K6VfKNdrc9Pv4KQbftyOts9a+azA+mH6j2pP+9vouRLuafm2cizZ6uIIQQqhZmH6EEEIIIYQOLkw/QgghhBBCBxemHyGEEEIIoYML048QQgghhNDBhelHCCGEEELo4ML0I4QQQgghdHBh+hFCCCGEEDq4MP0IIYQQQggdXJh+hBBCCCGEDi5MP0IIIYQQQgcXph8hhBBCCKGDC9OPEEIIIYTQwYXpRwghhBBC6ODC9F+BXnr2/vDoc/q5Fn320f3hqUd/pJ5DF6BPPDvce/a39HMIIYQQQhsI0z/pt4b33bs33FNkDPPnnh+eiozZHw2PnsrTvu8T7vxo5EpGWzXxSfli1NOyrZ4dXlLSZxIjqea3bdRuBLQ65zRyva7uSUEMgrb464uvU4/XdD0m/mH5hf546vnhs+N5aesU66K0MuY2rbmZeunZoG+d8jaUx5BVcH3Sf2oaF3PtRkDrUyXu9vNCvCvjc1I2xsI+SvtLVKpzll6nNrZGpW3UYubGg94eL6VfanMnlRYHU2/abqWeUfYaJO3yeEvHZDhPtTlbm+dWeUzieZ6OmVIMOyvq+zhGa+YxQgjdsg5p+qNNbTIFZyrb+HN99tGz8+ZTMVXqJtVQfqS16ROpBiKRpJlNbW4IwjLCtP76ipuxGpuyadPaGretJG/O5mNhmxbNQtFQ2XbW2yDxGtOe2kdS91LeJI61eGs3EEv9r5rdqY/K/bVeBbO51MaofaX2yPH8hk1u4pbia9JkfS8x9uMqbXctJpJ2YbyNSvswnWOLfbYkGQvRnAjbXOiHUJ/79vBX7w3DY0bfHj42nfvW8IGn/PFheLo0Lz7x7SnNY099O5qbH3t2zv9XH30ryCdtDOMSf16cxwghhIwOaPp/a3gUGaHS00VN6WYS5F002cmGWTEs6iallS/HQsMRnl9sj0jaFOQPDMmygRhjIeYgakNoCFITI7Hz6ezx0mZszJQzHtIOrX2htLbKsd1NfyBpc1pfqQ3+msw5MVlFI+hikcTNnJN8TeMtj3uWViurMj4npePPyF9LUK82bqNjeT/EKpjNhTbGfSLtUcoozpOlNtXk86btLrTBKJ0vuuLxYOVjMM+VvJx0LNfGZnp8jmOhHyb9+fD0aMg/4Or57KPRoD/75+Z7MeyTUTc3BuENgVNyPMwTlpXWo42D8DrWzGOEELplHfJJf6RF8xQq3pgjU7FkstONqWhYpA7lRkQzSomBkI3uqWfHcr0hWLiu2BSNkjoys61t8lJ3upGmhiD9PLfXb8LqZixtGMt+aoxBbD7KhskYoeRaS6Ym1ljmFqZfxtA4Lnzs/PG0DVNMXVtNf5l+lmuzfRb2+3zelxHEQOo0ebQ22jGUXn/peky7UoNbHJ+BqmOy3F9qvrT+SDY+WX/W2hiMZXvMlpHPC71sbUypmvph1FSfv57yHMjKcX0Wl5Mr7cNwjOTjZZaWT50fZiyncfNtTq8nkTyln4y5SMy5mHh5yh+bfDH09mm/NfDyvRj76Am+3ASYp/32pwSTyR8VpVXGQXh9zfMYIYRuXIc3/bWNMlK4uWcaN8LMyIRSNsuSYTGb7timdONXDVa8mYlRmcqstsdqyfQX2xcaF8kTxmFKWzY8fhPONmNTtj8m6cP2lQyTTZfenEj7ff+o5sbI5w01t6nFLNh6XN1R+2PjoWlp7OXngxhIXVr/mv4I2x1eo3Y93mwm58y12HzFNkZ97+X7odRfo4Jxpn5OZOIwzonsesc2qm3LYiCqtEcbBwtzxyouc+6v8bi5Hm0OJPUYSRpJq/VPLHMzkuT3MaiNp3SuZ3M/VND38bhQ1rFAmWmfzLo3/7W04Y2Al8+X549vMCSuYTvjz5h+hBBq07FNv2xuFbOxjaypyjZY1bDMG39k4EViZFIjkpqu8LyWPpNt27zBawbGp3WGpVhmagjma7GfQ8PjrzE9n27O4TH5Pjcc0k5pk/8aHq8Z7hYtmQVjwNLxExjOqA2RkaorNWfzuaA9Ul7UF64vK+NZvR4/B9K5oI7PcxWOgYKy8eX73V5f1KdaG+U6snEk0sfPWZK6ovaOdZgYhtfZWmc6X7aRmRdhfDNtV2fZ9Cev97in+9uZ/lHRWhhfE6YfIYTadFjTb8xUZjAaZEyF31wSqYal8ERNMSyx0U/yNpn4y5IYDn89oQH2m/DZm7H0xWRUrSnU6mvX6cZL+i6t77Q23KGMUZpNaTQnlPGpKzS4qQqGV+oNbzDSz5MSo2/aG/RP0kbTfrUckbQzbE+t3YmK8y4ucx7v43HTDml/q+lvl9SjtnNUqc/S8amN11kn9Oko3fR7s25vAOwv4n57+MCYNv1lXtX0m9d7dNOf3jQghBA6T4c0/bLhtRmaFUpNeWpQUimGJW+TbL6ujLR8LzG+6uY8quEmoWRMZwOTnKvVlxkCa9rMuaAti6bfxC4sV5SkNe3Q6rPpmg139Xrax4lmokptkLRZXaW+SsZJeFzNo8bOK4hhYXxO11Gqt1mxIY4kdS+a/sTwe5l2u3LVNpbqrbTnHIXjZ7qGsa6q6Ze2hP0iKsyFFSrO2VHp+NTG67IWbmK0d/qTv8DjJQY/fEdflN00yDv9pjz9nf74BiFYa3aILUII3YKOZ/rFNDSY4aLCTT7VmnLXmqpSu0vlNF6nGAX1WkatM30LhiBQ3fRvY9qaTX8oYyhbr1szboHG2GttKBmzomHbaryNWvWTlebxWYtD2F8L8QrVel1qG9eNk7PXA1VjG4qmX9qn9YOkbeuf1jlbSxcrrbe1T1PJE/nZnIcm/rOPgif12c2Bk/LXe7yxl7LmPMqT/8r6s2rcI4TQDet4pl81UbJZ2CdFi0an2QwtaG05O5p+zRwXTWhR1236rUGy5Zsn8dmT5/XS2lCKazHepf6VcXwxpr+9XzaV2saV7blS09/WN6fKt187tyAx9OYVnlHRU357Q1A6Hpl7ny66MQhfD8pfDWo2/TJveo1XhBC6cB3P9J8rs2mkNw1eKzaTZlPlVDH9eltGNZp+Ne+odcZiK9M/Sq41a8+6jVoz3Jr8qzbZtU5tON0glNrg64xU6qsz+zfUfqZfaZvTmhuv1VLbuLI96ljzWhGvSDXT786fUVdtzm5xs9q1T0+WxFpvL6/3IIRQmzD9CCGEEEIIHVyYfoQQQgghhA4uTD9CCCGEEEIHF6YfIYQQQgihgwvTjxBCCCGE0MGF6UcIIYQQQujgwvQjhBBCCCF0cGH6EUIIIYQQOrgw/QghhBBCCB1cmH6EEEIIIYQOLkw/QgghhBBCBxemHyGEEEIIoYML048QQgghhNDBhelHCKG1+sSzw1OP/kg/hxBCCF2gMP2BPvvo/nDv3r2i4k3+t4b3ZWmeHV4y5/5oePTU/eHR5+ayVX3u+eGpahn++7KqbX72t9Q8XpJ30biM5iYs832fmM+99GzDNQZ66dmgbYnSdqjX9dTzw2fduWK7FTOmptdi78rXYq+2Z4rvOBamvE5SfjH+SvpRcR1hbNvGwp0ojFt2/TIn0nZu03a9z/M4ru4nL9XEJ21X56uVnRet1ypxCvIHbSrOqcJ4WpyDyfz18tcq8QrndCaptxSzokpx1sZHEgsjf00XNO4RQugAOqTpjzb+ovFakNngaxtOurGFG5R832CIs408LeOMDU8zCQUDECoyAFkM4utaa/qLKhj1khnJDaBmHES2fXl6TWF/NsR+jM37pjLTsWDPR/E3sQzalqaXvomOyTXVx4LcRNnrCq9/oU+yPhVJ+Wn+uK/ndOF5P1789YdtDvMsxLJBeh8qcU+11E9eLaZ/US3pwxhamfXKjZXNTf8kvW21eSYybVsaU5nC8ZiqJT4+zdr4I4QQqumApv+3hkfT5i2bRmJkm+Q25k/oG61VaiDSzcptcjVTkm3kaRlrNrwkfcEkrFLBjPtjp5v+JHZnm/76OTW9Mb+hGQn7ajn2cfsUM1mNf55eu14x9faY0p4gZp999Px8Lrt58HJGbBzXqemP4mPi4s8n7UyvSeoyn306qSON29pxrMm1PSs7aZ+ixX7yUsag3nY5FoyZqE0t12rzh30tbdzd9Lvxbup13/trSMedlbtOiZdLn8enpFKctfGRKszbEk+EEEKtOuST/lCRoWmSbEzBRirGRt2o0o0t3KDk+4bNONvI0zLWbHhJ+oJJsNc3b/izlLrMZh8ej6+rp+m3bU7r99cWX4uavhgf0VLs075PP49Kyzex9LEelabPzLpci29D3p6Xni21L8ynKT8f92NcV3Qu7afwmkzbtbqlvOC6I7WMHynTGc5sLo7n0jhGSs+X05sxkp3T4p6YZInBmOZ90zWm16/JXtMUh6De0pyyY9iVbeLg87fE0PbB+8abw/RVnWyeTWXn5c7zaOkak+uLVM8rdcxjLI8/Qgih03Vw079i05gMjJbeb2LhRqhtbD6v1NuwGadGMCtjzYbXlr5o1KUtmglO2hgahM1Mv6LMjCTnshs5187ZHM5tK6Y/0fTnbVOup1p+4fqLZi5tTyV+YxnZtUaScRtfm1zP9BqctDssOywvLXu6Rt+evOyz5Po0M9lTbCpxGNXUT/74WOZT2ZzNx8H8SpU7Jn02lbl2zubS55Rt3/vGc+mcWJ6D0qZxPLn+NX0d9FEeo55K+8e13cyHDccVQgjdqI5p+ifztLQhXrIWDMR0jcvKjI+SJn/KuZ2s0VDqzDT3l57HnpdzmflM+zo4lqWfzqfljzJxKMfetCsz84qZrJavpF+jsez5PXVRYI6KNxpe0v/5tc3xTs7JdYQ3BGH5002Av56w7NCwLeicWBTU3E+jpvERGXiRNg7S6wrPl8fNfD7MG0vaoJn4+Vryvlsy/VocwmPy/Xam/5w+l2tLr2UpngghhNboBp70t7yLeupmVctX34x15Zt6f219jedrMmnKuT1l/vpQZiRFuplcL+n/NMZewbiYzHaYdz5XfyqajrF0jiTmKzL6ktafC7/315+WvZFKN1AiJe6r+ikx+nFeucb95qNmuFMTbwx62OasvVvOQem/ILY1qfHV1DAmTP9q17Fv/BFC6NZ0cNM/Kn062axzDExoiOoym7q2qTq1PIUzRiXNm16zMYNKOkWtT/7WGw6JS15fycCWzH3N9DfFYpJiAo1Ss2HbXTTaxXIqJkpNX1LSnnFMx0/6Y9X7JRnXMj+StkTxTeePMWj2GuZ4+OtPyjZKY7ml0riv7KfEQHvJGLJllNou15n056SGa3UxlTibuRbENLqRNsfz8sya4fqkdQ7KNWnzempDcnyStEGJUV0r4lO9Sd1z7CCE0O3peKZ/3ETCTWzewIM0TdIMTCprMvTNba0hHuWMeavpFpWur2aMs41+rLcco62u0ZajXVvNkKzpu/WxONO8TUrM5DnH1baIgvY402jzjHF9NiirYBRnSR3heVvnHP+kn6pjw8tfT1q2SMpbE0tFkSlOtMqQ+nZq5zSV2l4qp/Fao/6LtfZGeo3pV+M3Spt7k04y/SWtHQsbjB2EEEKTDvikXzaKYFMLzdF4vN1EagYmlZR5grlXZDZls7m69hdMQaq7Mf3nGRkre12awehq+s8xb5NK5Wx1PFXSPnezaBWMR3M8vY6xjvRYYqrDWLWZSt9upezVsVS0mfFsja9Xqe2lchqvdXGutOvqn/RXtcHYQQghNOmApn8raQYmlWxK2sZmtWxY5/zZxuuNXMOGa24YgnqNKqZivelXynea8o1lVM2DkV5WqW5pZ5p2UiEuWizK17aVOSmZwEr5a9OPau+zrVS6rlQ+nbQ/jVt9/CyPmVHJTUmsNTfdrdfjJW3XxkGtnxrGTfV6WtaNWZf5pH9tnEsqxR8hhNApwvSjTVT+u/FoH4khWmN412rv8tFxVbsparzRQwghtLkw/QghhBBCCB1cmH6EEEIIIYQOLkw/QgghhBBCBxemHyGEEEIIoYML048QQgghhNDBhelHCCGEEELo4ML0I4QQQgghdHBh+hFCCCGEEDq4MP0IIYQQQggdXJh+hBBCCCGEDi5MP0IIIYQQQgcXph8hhBBCCKGDC9OPEEIIIYTQwXU1ph8hhBBCCCF0ulrRDL6mzU0/AAAAAADcDZrB14TpBwAAAAC4UjSDrwnTDwAAAABwpWgGXxOmHwAAAADgStEMviZMPwAAAADAlaIZfE2YfgAAAACAK0Uz+Jow/QAAAAAAV4pm8DVh+gEAAAAArhTN4GvC9AMAAAAAXCmawdeE6QcAAAAAuFI0g68J0w8AAAAAcKVoBl8Tph8AAAAA4ErRDL4mTD8AAAAAwJWiGXxNmH4AAAAAgCtFM/iaMP0AAAAAAFeKZvA1YfoBAAAAAK4UzeBrwvQDAAAAAFwpmsHXhOkHAAAAALhSNIOvCdMPAAAAAHClaAZfE6YfAAAAAOBK0Qy+Jkw/AAAAAMCVohl8TZh+AAAAAIArRTP4mjD9AAAAAABXimbwNWH6AQAAAACuFM3ga8L0AwAAAABcKZrB14TpBwAAAAC4UjSDrwnTDwAAAABwpWgGXxOmHwAAAADgStEMviZMPwAAAADAlaIZfE2YfgAAAACAK0Uz+Jow/QAAAAAAV4pm8DVh+gEAAAAArhTN4GvC9AMAAAAAXCmawdeE6QcAAAAAuFI0g68J0w8AAAAAcKVoBl8Tph8AAAAA4ErRDL4mTD8AAAAAwJWiGXxNmH4AAAAAgCtFM/iarsj0vzo8ePzx4fF3PBq+6o6EfPWjTw6Pj+cfvOIOTHx1ePSOMd/jD8YS1nBqPgAAAACAu0Ez+JouzvSXzft2pv/VZ+RzQVP5JdNfawc3CgAAAABwd2gGX9MVm373uaZnxHrXjPgp5zD9AAAAAHAZaAZf02Ge9JdpMfZPDo++7A5NYPoBAAAA4LLRDL6mXUz/L//h14a/9U//xfCf3P81I/lejrWw2vS/8sCkjxSlqRhxk/fJ4cnx/JMftTl8/bMKpr8qTD8AAAAA7I9m8DVtbvrF3H/nP/jE8Bd+6BcjybEW4+/ft/cmfEYx/V9+NDwpx8xrPI7p2IPEnOvm3dRj8qRP+3nSDwAAAACXjWbwNW1u+uWpvpj87//vfmf4+L/6mpF8L8fkXJ3gKXpmqteafn9MM+KurDCfe+o/G39MPwAAAABcNprB17S56ZfXecTgi9n3yPdyTM7VsK/WjMb7o6kBFwpme+3rPdqNgseVZV8tWjD9VWH6AQAAAGB/NIOvaXvT/70/MvyFv/RfDh9/+Q/ckdH0j9/LMTlXxJlx/1qPec0nMu+1J+x70PbU3v8OQP46EgAAAADAvmgGX9P2r/f8g//eGPzvf9dPGrMvku/lmJzT0Qx9eqxi+rWn/ZnK5j3/5V0n7acBCZh+AAAAAOiFZvA1bf+LvC//y+E7f+DvG5MfSo7JuQz/uo36BD80+sumXzfetSf2/pzy14J8u3jSDwAAAAAXimbwNW1u+gUx9/JUX17nEcn3quFfxR6mv1LmiP9LQvaGwKVdpfoNAwAAAADAOWgGX9Mupn8fLvNJPwAAAABALzSDr+lQpr+usnk/551+AAAAAIBeaAZf0xWZfgAAAAAACNEMviZMPwAAAADAlaIZfE2YfgAAAACAK0Uz+Jow/QAAAAAAV4pm8DVh+gEAAAAArhTN4GvC9AMAAAAAXCmawdeE6QcAAAAAuFI0g68J0w8AAAAAcKVoBl8Tph8AAAAA4ErRDL4mTD8AAAAAwJWiGXxNmH4AAAAAgCtFM/iaMP0AAAAAAFeKZvA1YfoBAAAAAK4UzeBrwvQDAAAAAFwpmsHXtLnp//znP48QQgghhBA6Q61oBl/TLqb/61//OkIIIYQQQugEYfoRQgghhBA6uDD9CCGEEEIIHVyYfoQQQgghhA4uTD9CCCGEEEIHF6YfIYQQQgihgwvTjxBCCCGE0MGF6UcIIYQQQujgug3T/7H7w2OPPTbc/5hyrqRT8iCEEEIIIXSBugnT/5kPvMUY+Ld84DPqeU2teXy6ktbUiRBCCCGE0B46vun/g/cPb5lM+P3hl7Q0qU7Jk+mXhvuYfoQQQgghdAE6tul3r+g89sT7h898/TPD+5+wRr76ys7KPL/0Lnu+JEw/QgghhBDqrUOa/tmIa0/pZyMfGvJT8ohsvlN/GoAQQgghhND+OvaT/jsQph8hhBBCCF26MP1naun1HvuakJ4XIYQQQgihu9DxTH/0S7hLesvw/j84MY9S5/Tqj/m9ACUdQgghhBBCHXQbT/r3/jv9mH6EEEIIIXTBwvSXtJTn3J8OIIQQQgghdEfC9Jd0Sh6EEEIIIYQuUJj+kjD9CCGEEELoILoN048QQgghhNANC9OPEEIIIYTQwYXpRwghhBBC6ODC9COEEEIIIXRwYfoRQgghhBA6uDD9CCGEEEIIHVyYfoQQQgghhA4uTD9CCCGEEEIHF6YfIYQQQgihgwvTjxBCCCGE0MGF6UcIIYQQQujgwvQjhBBCCCF0cF2N6UcIIYQQQgidrlY0g69pF9MPAAAAAACngekHAAAAADg4mH4AAAAAgIOD6QcAAAAAODiYfgAAAACAg4PpBwAAAAA4OJh+AAAAAICDg+kHAAAAADg4mH4AAAAAgINzu6b/Sy8OT9+7N9xT9PDl8fzLD4enX/iiTWt4eXiYpX16ePFL9uwXX3ja5jsYcl3hNU/XKPF77m4vWNoS94kw9sv9F4fwaNpmo6mtefqj8PJz4TXPYzMfywAAAHBr8KS/RINRevm5h6OFtGxh+sW0pXVGBrZgso3ZC89FNzRzGw3jdU3lLZlfSRvVKTc+zkyuMf0bmc5W058xtvXhlO880x8Z6yw287l0LIT9GJ0r9scXhxfvl8tLyWJjxoDr+43iDwAAANfLbZv+0Bg5kzWZq0WjFJvHc0y/N4RP30+MmxjCqY6kfR4xtGO+6El28hOI6Vx0vWNK5SYjIqpfCMqWsppMv7Q7ufE4CW+q07LiftCI+2Y5fZHxml+cyon744svvDi3K4lz1AeS7wX3faU/or5J0mnEdYyEeTD9AAAAN8+NP+kXI+nNlJi49lciYiOZf46xhrV83iJlhHVmZYoJj4z22ObnRgMbHs/SzNeYlm+MYYNhnp5Eh9cgeaN6CrSmq2LjZ9ou1xcZ4CUTn55fSJ+VXyaL50Q4lub4p5T7I88jNwFL4yf6KQSv9wAAAEDAzZr+1MxGEuNVNUq5cZTylkzZEqkJzIxeYtKnOgOjnxnJwIDmxrFsSBdpNPMvPxeYz1OQesY+yeIwmdq6ic/7pZ5+DWUjHsTVxWk25HM8iv2R9LOQ9+sKMP0AAAA3z40/6T8FMWa5kc3N5XoyYydmPjB/xjj6z6Hp3sP0S5nhjVAkZ0wXTf92BvsUJBbxTz2Ebdqkly1IvIM4uzhGn139W5l+05asj5yknLFOTD8AAMBtczzTL4ZpMj3LT5lrhikzSqZsvUwpZ3PTPxK27+EL3miLsQzM+qLpt2lVk9lkgJV0DaZ/MSbRjUXh5sMT9Wsi5RrMDZLavnNNvzX1qonWxkdg8i0LN2GSVspJ2tg8vrR+wfQDAADcPDzpL5EaJWNQy8a02ZRVyA17gm+TaUtifL35lXOR6ZtNblZ+g3G3r+fMZRgz7eur5k1uTHYjNfEVU244x/TbstV+NoZfud7MwM9xKffH2MakrOXXpFy5Uxm2rb6vquMKAAAADs/Nm34xXpOJTbTGKO1i+kcDN/+1mNwITkRGX9LNBjEqMzGm+ZPmnKLZnMxlAX+DshWm7Xo/aU/6y5xh+ivXVDblyY2C9JWvv9If8n3Ub4ttnm8mMrbuCwAAALg6MP0bmHWhXo4Y8WWDnZn+kfnJeuVJb2T6R+RzwRBLHdO5mml3nPqLuKfmK9JkfFtYMP0mdrp5jmLnZcqKn6p7RaZ9Oh6XXe4PO2bsuZZYVkw/AAAA3DyYfs3Iea0wmVLOFjcPl0b0Ok+mgskUk9twQ7GKyDinWnODccaT/otGv/GYdMhrBgAAgFZu3vQDAAAAABwdTD8AAAAAwMHB9AMAAAAAHBxMPwAAAADAwcH0AwAAAAAcHEw/AAAAAMDBwfQDAAAAABwcTD8AAAAAwMHB9AMAAAAAHBxMPwAAAADAwbka048QQgghhBA6Xa1oBl8Tph8hhBBCCKELUyuawde0i+n/+te/jhBCCCGEEDpBmH6EEEIIIYQOru1N/+vD/x9ukcEyWqO5mQAAAABJRU5ErkJggg==" style="width: 682.24px;" data-filename="정처기 시험일정.PNG"><br></p>', '1', '2022-07-12 16:36:44', '2022-07-12 16:38:20'),
	(41, 'teacher', '3', '모니터 두개로 좀 바꿔주세요 ', '수업하기 너무힘드네요', '1', '2022-07-12 16:41:54', '2022-07-12 16:41:54'),
	(42, 'teacher', '3', '휴가좀 주세요', '휴가가고싶어요', '1', '2022-07-12 16:42:09', '2022-07-12 16:42:09'),
	(43, 'teacher1', '3', '너무배고프네요', '밥좀주세요', '1', '2022-07-12 16:42:53', '2022-07-12 16:42:53');
/*!40000 ALTER TABLE `board` ENABLE KEYS */;

-- 테이블 lms.board_comment 구조 내보내기
CREATE TABLE IF NOT EXISTS `board_comment` (
  `board_comment_no` int(11) NOT NULL AUTO_INCREMENT,
  `board_no` int(11) NOT NULL,
  `member_id` varchar(50) NOT NULL,
  `board_comment_content` text NOT NULL,
  `comment_anony` enum('1','2') NOT NULL DEFAULT '1' COMMENT '1. 평범 2. 익명',
  `create_date` datetime NOT NULL,
  `update_date` datetime NOT NULL,
  PRIMARY KEY (`board_comment_no`) USING BTREE,
  KEY `FK_board_comment_board` (`board_no`),
  CONSTRAINT `FK_board_comment_board` FOREIGN KEY (`board_no`) REFERENCES `board` (`board_no`) ON DELETE NO ACTION ON UPDATE NO ACTION
) ENGINE=InnoDB AUTO_INCREMENT=6 DEFAULT CHARSET=utf8 COMMENT='inquiry의 경우 answer의 기능';

-- 테이블 데이터 lms.board_comment:~0 rows (대략적) 내보내기
/*!40000 ALTER TABLE `board_comment` DISABLE KEYS */;
INSERT INTO `board_comment` (`board_comment_no`, `board_no`, `member_id`, `board_comment_content`, `comment_anony`, `create_date`, `update_date`) VALUES
	(1, 31, 'teacher1', '여행가지말고 공부해라 ', '1', '2022-07-12 16:14:44', '2022-07-12 16:14:44'),
	(2, 31, 'kwaktube', '익명으로 올려', '1', '2022-07-12 16:16:36', '2022-07-12 16:16:36'),
	(3, 39, 'student1', '진짜너무한거아닌가요 ㅠㅠ', '2', '2022-07-12 16:34:50', '2022-07-12 16:34:50'),
	(4, 39, 'student1', '그러니까요 ㅠㅠ', '2', '2022-07-12 16:35:03', '2022-07-12 16:35:03'),
	(5, 39, 'student1', '여러분 생각도 같으신가봐여 ㅠ.ㅠ', '1', '2022-07-12 16:35:36', '2022-07-12 16:35:36');
/*!40000 ALTER TABLE `board_comment` ENABLE KEYS */;

-- 테이블 lms.board_file 구조 내보내기
CREATE TABLE IF NOT EXISTS `board_file` (
  `board_file_no` int(11) NOT NULL AUTO_INCREMENT,
  `board_no` int(11) NOT NULL,
  `board_file_original_name` varchar(50) NOT NULL,
  `board_file_name` varchar(50) NOT NULL,
  `board_file_type` text NOT NULL,
  `board_file_size` bigint(20) NOT NULL,
  `create_date` datetime NOT NULL,
  `update_date` datetime NOT NULL,
  PRIMARY KEY (`board_file_no`),
  KEY `FK_board_file_board` (`board_no`),
  CONSTRAINT `FK_board_file_board` FOREIGN KEY (`board_no`) REFERENCES `board` (`board_no`) ON DELETE NO ACTION ON UPDATE NO ACTION
) ENGINE=InnoDB AUTO_INCREMENT=12 DEFAULT CHARSET=utf8;

-- 테이블 데이터 lms.board_file:~2 rows (대략적) 내보내기
/*!40000 ALTER TABLE `board_file` DISABLE KEYS */;
INSERT INTO `board_file` (`board_file_no`, `board_no`, `board_file_original_name`, `board_file_name`, `board_file_type`, `board_file_size`, `create_date`, `update_date`) VALUES
	(3, 9, '(주)더존비즈온_자사양식.xlsx', '60d89ce0-d480-48bd-8443-1bd288c3a762.xlsx', 'application/vnd.openxmlformats-officedocument.spreadsheetml.sheet', 74231, '2022-07-12 15:19:25', '2022-07-12 15:19:25'),
	(4, 10, '수강리스트.xlsx', 'c905642f-8edb-4a48-9604-1c44d639990d.xlsx', 'application/vnd.openxmlformats-officedocument.spreadsheetml.sheet', 15163, '2022-07-12 15:19:43', '2022-07-12 15:19:43'),
	(9, 38, '학원내 규칙.txt', '308f6ebea35b423cb5deeeabb58683a5.txt', 'text/plain', 129, '2022-07-12 16:31:42', '2022-07-12 16:31:42'),
	(10, 39, '학원내 규칙.txt', 'b5e78605-df6d-4666-bbb3-0410e6de04d7.txt', 'text/plain', 129, '2022-07-12 16:34:34', '2022-07-12 16:34:34');
/*!40000 ALTER TABLE `board_file` ENABLE KEYS */;

-- 테이블 lms.book 구조 내보내기
CREATE TABLE IF NOT EXISTS `book` (
  `book_no` int(11) NOT NULL AUTO_INCREMENT,
  `book_title` varchar(50) NOT NULL,
  `book_writer` varchar(50) NOT NULL,
  `book_company` varchar(50) NOT NULL,
  `create_date` datetime NOT NULL,
  `update_date` datetime NOT NULL,
  PRIMARY KEY (`book_no`)
) ENGINE=InnoDB AUTO_INCREMENT=11 DEFAULT CHARSET=utf8;

-- 테이블 데이터 lms.book:~9 rows (대략적) 내보내기
/*!40000 ALTER TABLE `book` DISABLE KEYS */;
INSERT INTO `book` (`book_no`, `book_title`, `book_writer`, `book_company`, `create_date`, `update_date`) VALUES
	(1, '혼자공부하는자바', '신용권', '한빛미디어', '2022-07-12 15:40:58', '2022-07-12 15:40:58'),
	(2, '혼자공부하는파이썬', '윤인성', '한빛미디어', '2022-07-12 15:41:24', '2022-07-12 15:41:24'),
	(3, '자바 웹을 다루는 기술', '박성준', '길벗', '2022-07-12 15:42:01', '2022-07-12 15:42:01'),
	(4, 'Let\'s Get IT 자바스크립트 프로그래밍', '조현영', '길벗', '2022-07-12 15:44:25', '2022-07-12 15:44:25'),
	(5, '파이썬 개론', '엄준식', '에버랜드', '2022-07-12 15:50:12', '2022-07-12 15:50:12'),
	(6, 'AI 기초', '나까무라', '맥도날드', '2022-07-12 15:50:58', '2022-07-12 15:50:58'),
	(7, '빅데이터 분석 중급 3판', '마이클', '뉴욕타임즈', '2022-07-12 15:51:37', '2022-07-12 15:51:37'),
	(8, '파이썬으로 배우는 IoT중급 2판 ', '나혜상', '한빛아카데미', '2022-07-12 15:52:24', '2022-07-12 15:52:24'),
	(9, 'IoT 통신 프로토콜', '이기영', '생능출판사', '2022-07-12 15:53:37', '2022-07-12 15:53:37'),
	(10, '자면서도 깨우치는 자바 스크립트', '나용신', '투게더', '2022-07-12 16:52:03', '2022-07-12 16:52:03');
/*!40000 ALTER TABLE `book` ENABLE KEYS */;

-- 테이블 lms.career 구조 내보내기
CREATE TABLE IF NOT EXISTS `career` (
  `career_no` int(11) NOT NULL AUTO_INCREMENT,
  `member_id` varchar(50) NOT NULL,
  `career` varchar(50) NOT NULL,
  `detail_career` varchar(50) NOT NULL,
  `update_date` datetime NOT NULL,
  PRIMARY KEY (`career_no`),
  KEY `FK_career_teacher` (`member_id`),
  CONSTRAINT `FK_career_teacher` FOREIGN KEY (`member_id`) REFERENCES `teacher` (`member_id`) ON DELETE NO ACTION ON UPDATE NO ACTION
) ENGINE=InnoDB DEFAULT CHARSET=utf8;

-- 테이블 데이터 lms.career:~0 rows (대략적) 내보내기
/*!40000 ALTER TABLE `career` DISABLE KEYS */;
/*!40000 ALTER TABLE `career` ENABLE KEYS */;

-- 테이블 lms.curriculum 구조 내보내기
CREATE TABLE IF NOT EXISTS `curriculum` (
  `curriculum_no` int(11) NOT NULL AUTO_INCREMENT,
  `subject_no` int(11) NOT NULL,
  `member_id` varchar(50) NOT NULL,
  `language_no` int(11) NOT NULL,
  `curriculum_title` varchar(50) NOT NULL,
  `curriculum_content` text NOT NULL,
  `start_day` date NOT NULL,
  `end_day` date NOT NULL,
  `create_date` datetime NOT NULL,
  `update_date` datetime NOT NULL,
  PRIMARY KEY (`curriculum_no`) USING BTREE,
  KEY `FK_curriculum_subject` (`subject_no`),
  CONSTRAINT `FK_curriculum_subject` FOREIGN KEY (`subject_no`) REFERENCES `subject` (`subject_no`) ON DELETE NO ACTION ON UPDATE NO ACTION
) ENGINE=InnoDB AUTO_INCREMENT=11 DEFAULT CHARSET=utf8;

-- 테이블 데이터 lms.curriculum:~9 rows (대략적) 내보내기
/*!40000 ALTER TABLE `curriculum` DISABLE KEYS */;
INSERT INTO `curriculum` (`curriculum_no`, `subject_no`, `member_id`, `language_no`, `curriculum_title`, `curriculum_content`, `start_day`, `end_day`, `create_date`, `update_date`) VALUES
	(1, 2, 'teacher1', 1, '자바 언어 공부', '자바 기초 문법에 대해 배워봅시다 ', '2022-04-04', '2022-05-21', '2022-07-12 15:42:49', '2022-07-12 16:06:16'),
	(2, 2, 'teacher00', 1, '자바스크립트 유효성검사', '자바스크립트 유효성검사에 대해서 알아봅시다', '2022-05-25', '2022-10-05', '2022-07-12 15:46:16', '2022-07-12 15:46:16'),
	(3, 2, 'teacher01', 1, '웹서비스 만들기', '자바웹을 다룰수있는 기술을 배워봅시다', '2022-05-10', '2022-08-10', '2022-07-12 15:50:55', '2022-07-12 15:50:55'),
	(4, 1, 'teacher01', 2, '파이썬 기초 1회차 ', '파이썬 기초 및 문법 교육 과정', '2022-06-26', '2022-06-29', '2022-07-12 15:54:15', '2022-07-12 15:58:47'),
	(5, 1, 'teacher01', 2, '파이썬 이론 및 실습 1회차', '파이썬 이론 및 실습을 통해 기초 문법 완성', '2022-06-30', '2022-07-04', '2022-07-12 15:55:01', '2022-07-12 15:55:01'),
	(6, 1, 'teacher01', 2, '파이썬 알고리즘', '파이썬으로 풀어보는 자료구조', '2022-07-04', '2022-07-11', '2022-07-12 15:55:40', '2022-07-12 15:58:34'),
	(7, 1, 'teacher00', 2, 'ai 기초 및 실습', '머신러닝의 기초와 실습을 통한 인공지능교육', '2022-07-13', '2022-07-18', '2022-07-12 15:56:20', '2022-07-12 15:58:23'),
	(8, 1, 'teacher01', 2, '빅데이터 분석 과정', '빅데이터 분석 기초 및 활용을 통해 실무 능력을 배웁니다', '2022-07-20', '2022-08-01', '2022-07-12 15:56:58', '2022-07-12 15:58:01'),
	(9, 1, 'teacher01', 2, '빅데이터 분석 AI 프로그램닝', '빅데이터 분석을 하는 ai를 프로그래밍을 실습을 통해 구체적으로 배웁니다', '2022-08-06', '2022-09-12', '2022-07-12 15:57:53', '2022-07-12 15:58:11'),
	(10, 3, 'american', 1, '자면서도 배우자! - 자바스크립트 편-', '자면서도 배울 수 있는 자바스크립트를 본적이 있나요?\r\n\r\n저는 가능합니다 \r\n제가 한번 먼저 볼게요!', '2022-07-05', '2022-07-28', '2022-07-12 16:53:59', '2022-07-12 16:53:59');
/*!40000 ALTER TABLE `curriculum` ENABLE KEYS */;

-- 테이블 lms.curriculum_book 구조 내보내기
CREATE TABLE IF NOT EXISTS `curriculum_book` (
  `book_no` int(11) NOT NULL,
  `curriculum_no` int(11) NOT NULL,
  `update_date` datetime NOT NULL,
  PRIMARY KEY (`book_no`,`curriculum_no`),
  KEY `FK_curriculum_book_curriculum` (`curriculum_no`),
  CONSTRAINT `FK_curriculum_book_book_no` FOREIGN KEY (`book_no`) REFERENCES `book` (`book_no`),
  CONSTRAINT `FK_curriculum_book_curriculum` FOREIGN KEY (`curriculum_no`) REFERENCES `curriculum` (`curriculum_no`) ON DELETE NO ACTION ON UPDATE NO ACTION
) ENGINE=InnoDB DEFAULT CHARSET=utf8;

-- 테이블 데이터 lms.curriculum_book:~12 rows (대략적) 내보내기
/*!40000 ALTER TABLE `curriculum_book` DISABLE KEYS */;
INSERT INTO `curriculum_book` (`book_no`, `curriculum_no`, `update_date`) VALUES
	(1, 1, '2022-07-12 16:06:16'),
	(2, 4, '2022-07-12 15:58:47'),
	(2, 5, '2022-07-12 15:55:01'),
	(3, 3, '2022-07-12 15:50:55'),
	(4, 2, '2022-07-12 15:46:16'),
	(5, 5, '2022-07-12 15:55:01'),
	(5, 7, '2022-07-12 15:58:23'),
	(6, 6, '2022-07-12 15:58:34'),
	(6, 7, '2022-07-12 15:58:23'),
	(6, 9, '2022-07-12 15:58:11'),
	(7, 8, '2022-07-12 15:58:01'),
	(7, 9, '2022-07-12 15:58:11'),
	(10, 10, '2022-07-12 16:53:59');
/*!40000 ALTER TABLE `curriculum_book` ENABLE KEYS */;

-- 테이블 lms.language 구조 내보내기
CREATE TABLE IF NOT EXISTS `language` (
  `language_no` int(11) NOT NULL AUTO_INCREMENT,
  `language_name` varchar(50) NOT NULL,
  `create_date` datetime NOT NULL,
  `update_date` datetime NOT NULL,
  PRIMARY KEY (`language_no`)
) ENGINE=InnoDB AUTO_INCREMENT=8 DEFAULT CHARSET=utf8;

-- 테이블 데이터 lms.language:~7 rows (대략적) 내보내기
/*!40000 ALTER TABLE `language` DISABLE KEYS */;
INSERT INTO `language` (`language_no`, `language_name`, `create_date`, `update_date`) VALUES
	(1, 'Java', '2022-07-12 15:23:21', '2022-07-12 15:23:21'),
	(2, 'Python', '2022-07-12 15:23:50', '2022-07-12 15:23:50'),
	(3, 'JavaScript', '2022-07-12 15:23:59', '2022-07-12 15:23:59'),
	(4, 'C++', '2022-07-12 15:24:04', '2022-07-12 15:24:04'),
	(5, 'c#', '2022-07-12 15:24:08', '2022-07-12 15:24:08'),
	(6, 'Go', '2022-07-12 15:24:27', '2022-07-12 15:24:27'),
	(7, 'Kotiln', '2022-07-12 15:26:27', '2022-07-12 15:26:27');
/*!40000 ALTER TABLE `language` ENABLE KEYS */;

-- 테이블 lms.member_id 구조 내보내기
CREATE TABLE IF NOT EXISTS `member_id` (
  `member_id` varchar(50) NOT NULL,
  `member_pw` varchar(50) NOT NULL,
  `level` enum('1','2','3') NOT NULL COMMENT '1=운영자, 2=강사, 3=학생',
  `member_active` enum('1','2','3','4') NOT NULL COMMENT '1=활성, 2=비활성, 3=탈퇴, 4=최초로그인',
  `last_login_date` datetime NOT NULL,
  `create_date` datetime NOT NULL,
  `delete_date` datetime NOT NULL,
  PRIMARY KEY (`member_id`)
) ENGINE=InnoDB DEFAULT CHARSET=utf8;

-- 테이블 데이터 lms.member_id:~53 rows (대략적) 내보내기
/*!40000 ALTER TABLE `member_id` DISABLE KEYS */;
INSERT INTO `member_id` (`member_id`, `member_pw`, `level`, `member_active`, `last_login_date`, `create_date`, `delete_date`) VALUES
	('admin', '*84AAC12F54AB666ECFC2A83C676908C8BBC381B1', '1', '1', '2022-07-12 17:10:18', '2022-07-12 15:05:01', '2022-07-12 15:05:01'),
	('admin1', '*84AAC12F54AB666ECFC2A83C676908C8BBC381B1', '1', '1', '2022-07-12 15:13:11', '2022-07-12 15:13:11', '2022-07-12 15:13:11'),
	('admin2', '*EAA4C2E81E41C8CDAB11620A14BCDEECFCF5DE8A', '1', '1', '2022-07-12 15:48:11', '2022-07-12 15:14:09', '2022-07-12 15:14:09'),
	('american', '*E9D057131C22A0D76B4AAD2C61655BDFA706E637', '2', '1', '2022-07-12 16:32:26', '2022-07-12 15:15:02', '2022-07-12 15:15:02'),
	('bahbhae12', '*89C6B530AA78695E257E55D63C00A6EC9AD3E977', '2', '4', '2022-07-12 15:29:57', '2022-07-12 15:29:57', '2022-07-12 15:29:57'),
	('cehehti', '*E9D057131C22A0D76B4AAD2C61655BDFA706E637', '3', '1', '2022-07-12 16:31:29', '2022-07-12 15:25:47', '2022-07-12 15:25:47'),
	('diggle', '*89C6B530AA78695E257E55D63C00A6EC9AD3E977', '3', '4', '2022-07-12 15:13:23', '2022-07-12 15:13:23', '2022-07-12 15:13:23'),
	('gdu111', '*89C6B530AA78695E257E55D63C00A6EC9AD3E977', '3', '4', '2022-07-12 15:12:21', '2022-07-12 15:12:21', '2022-07-12 15:12:21'),
	('gnalio', '*89C6B530AA78695E257E55D63C00A6EC9AD3E977', '3', '4', '2022-07-12 15:26:51', '2022-07-12 15:26:51', '2022-07-12 15:26:51'),
	('gooded11', '*89C6B530AA78695E257E55D63C00A6EC9AD3E977', '3', '4', '2022-07-12 15:23:46', '2022-07-12 15:23:46', '2022-07-12 15:23:46'),
	('icetea2', '*89C6B530AA78695E257E55D63C00A6EC9AD3E977', '3', '4', '2022-07-12 15:13:51', '2022-07-12 15:13:51', '2022-07-12 15:13:51'),
	('imtae', '*89C6B530AA78695E257E55D63C00A6EC9AD3E977', '2', '4', '2022-07-12 15:31:00', '2022-07-12 15:31:00', '2022-07-12 15:31:00'),
	('jhefef122', '*89C6B530AA78695E257E55D63C00A6EC9AD3E977', '3', '4', '2022-07-12 15:21:56', '2022-07-12 15:21:56', '2022-07-12 15:21:56'),
	('king', '*556A1819C902459389465119AFDEF298638C520B', '1', '1', '2022-07-12 15:38:14', '2022-07-12 15:38:14', '2022-07-12 15:38:14'),
	('kwaktube', '*DDA7B4594264195DA8BB303516D7EC5509B7B942', '3', '1', '2022-07-12 16:16:25', '2022-07-12 15:11:05', '2022-07-12 15:11:05'),
	('leejunho366', '*89C6B530AA78695E257E55D63C00A6EC9AD3E977', '3', '4', '2022-07-12 15:20:39', '2022-07-12 15:20:39', '2022-07-12 15:20:39'),
	('nucksal', '*89C6B530AA78695E257E55D63C00A6EC9AD3E977', '3', '4', '2022-07-12 15:17:32', '2022-07-12 15:17:32', '2022-07-12 15:17:32'),
	('panibottle', '*DDA7B4594264195DA8BB303516D7EC5509B7B942', '3', '1', '2022-07-12 16:15:48', '2022-07-12 15:15:27', '2022-07-12 15:15:27'),
	('parktjdwns', '*89C6B530AA78695E257E55D63C00A6EC9AD3E977', '3', '4', '2022-07-12 15:09:39', '2022-07-12 15:09:39', '2022-07-12 15:09:39'),
	('realkim', '*DDA7B4594264195DA8BB303516D7EC5509B7B942', '3', '1', '2022-07-12 16:20:58', '2022-07-12 15:14:37', '2022-07-12 15:14:37'),
	('rightweight', '*89C6B530AA78695E257E55D63C00A6EC9AD3E977', '3', '4', '2022-07-12 15:16:40', '2022-07-12 15:16:40', '2022-07-12 15:16:40'),
	('seokyungsuk', '*89C6B530AA78695E257E55D63C00A6EC9AD3E977', '3', '4', '2022-07-12 15:21:21', '2022-07-12 15:21:21', '2022-07-12 15:21:21'),
	('songminho', '*89C6B530AA78695E257E55D63C00A6EC9AD3E977', '3', '4', '2022-07-12 15:16:25', '2022-07-12 15:16:25', '2022-07-12 15:16:25'),
	('student', '*DDA7B4594264195DA8BB303516D7EC5509B7B942', '3', '1', '2022-07-12 16:40:33', '2022-07-12 15:07:30', '2022-07-12 15:07:30'),
	('student00', '*84AAC12F54AB666ECFC2A83C676908C8BBC381B1', '3', '1', '2022-07-12 16:17:44', '2022-07-12 15:31:20', '2022-07-12 15:31:20'),
	('student01', '*84AAC12F54AB666ECFC2A83C676908C8BBC381B1', '3', '1', '2022-07-12 16:19:06', '2022-07-12 15:27:04', '2022-07-12 15:27:04'),
	('student02', '*89C6B530AA78695E257E55D63C00A6EC9AD3E977', '3', '4', '2022-07-12 15:36:56', '2022-07-12 15:36:56', '2022-07-12 15:36:56'),
	('student03', '*89C6B530AA78695E257E55D63C00A6EC9AD3E977', '3', '4', '2022-07-12 15:33:05', '2022-07-12 15:33:05', '2022-07-12 15:33:05'),
	('student04', '*89C6B530AA78695E257E55D63C00A6EC9AD3E977', '3', '4', '2022-07-12 15:38:16', '2022-07-12 15:38:16', '2022-07-12 15:38:16'),
	('student05', '*89C6B530AA78695E257E55D63C00A6EC9AD3E977', '3', '4', '2022-07-12 15:39:33', '2022-07-12 15:39:33', '2022-07-12 15:39:33'),
	('student06', '*89C6B530AA78695E257E55D63C00A6EC9AD3E977', '3', '4', '2022-07-12 15:41:08', '2022-07-12 15:41:08', '2022-07-12 15:41:08'),
	('student07', '*89C6B530AA78695E257E55D63C00A6EC9AD3E977', '3', '4', '2022-07-12 15:42:50', '2022-07-12 15:42:50', '2022-07-12 15:42:50'),
	('student08', '*89C6B530AA78695E257E55D63C00A6EC9AD3E977', '3', '4', '2022-07-12 15:43:29', '2022-07-12 15:43:29', '2022-07-12 15:43:29'),
	('student09', '*89C6B530AA78695E257E55D63C00A6EC9AD3E977', '3', '4', '2022-07-12 15:44:14', '2022-07-12 15:44:14', '2022-07-12 15:44:14'),
	('student1', '*84AAC12F54AB666ECFC2A83C676908C8BBC381B1', '3', '1', '2022-07-12 16:33:26', '2022-07-12 15:20:57', '2022-07-12 15:20:57'),
	('student10', '*84AAC12F54AB666ECFC2A83C676908C8BBC381B1', '3', '1', '2022-07-12 16:22:04', '2022-07-12 15:58:41', '2022-07-12 15:58:41'),
	('student2', '*84AAC12F54AB666ECFC2A83C676908C8BBC381B1', '3', '1', '2022-07-12 16:19:02', '2022-07-12 15:22:26', '2022-07-12 15:22:26'),
	('student3', '*84AAC12F54AB666ECFC2A83C676908C8BBC381B1', '3', '1', '2022-07-12 16:19:19', '2022-07-12 15:42:11', '2022-07-12 15:42:11'),
	('student4', '*84AAC12F54AB666ECFC2A83C676908C8BBC381B1', '3', '1', '2022-07-12 16:20:19', '2022-07-12 15:45:36', '2022-07-12 15:45:36'),
	('student5', '*84AAC12F54AB666ECFC2A83C676908C8BBC381B1', '3', '1', '2022-07-12 16:20:36', '2022-07-12 15:48:00', '2022-07-12 15:48:00'),
	('student6', '*84AAC12F54AB666ECFC2A83C676908C8BBC381B1', '3', '1', '2022-07-12 16:20:48', '2022-07-12 15:53:47', '2022-07-12 15:53:47'),
	('student7', '*84AAC12F54AB666ECFC2A83C676908C8BBC381B1', '3', '1', '2022-07-12 16:21:04', '2022-07-12 15:54:50', '2022-07-12 15:54:50'),
	('student8', '*84AAC12F54AB666ECFC2A83C676908C8BBC381B1', '3', '1', '2022-07-12 16:21:25', '2022-07-12 15:56:07', '2022-07-12 15:56:07'),
	('student9', '*84AAC12F54AB666ECFC2A83C676908C8BBC381B1', '3', '1', '2022-07-12 16:21:41', '2022-07-12 15:57:27', '2022-07-12 15:57:27'),
	('suzi1234', '*89C6B530AA78695E257E55D63C00A6EC9AD3E977', '3', '4', '2022-07-12 15:19:43', '2022-07-12 15:19:43', '2022-07-12 15:19:43'),
	('teacher', '*DDA7B4594264195DA8BB303516D7EC5509B7B942', '2', '1', '2022-07-12 16:40:52', '2022-07-12 15:15:18', '2022-07-12 15:15:18'),
	('teacher00', '*89C6B530AA78695E257E55D63C00A6EC9AD3E977', '2', '4', '2022-07-12 15:22:01', '2022-07-12 15:22:01', '2022-07-12 15:22:01'),
	('teacher01', '*EAA4C2E81E41C8CDAB11620A14BCDEECFCF5DE8A', '2', '1', '2022-07-12 16:55:44', '2022-07-12 15:26:05', '2022-07-12 15:26:05'),
	('teacher1', '*DDA7B4594264195DA8BB303516D7EC5509B7B942', '2', '1', '2022-07-12 16:55:26', '2022-07-12 15:16:31', '2022-07-12 15:16:31'),
	('thectae111', '*89C6B530AA78695E257E55D63C00A6EC9AD3E977', '2', '4', '2022-07-12 15:28:19', '2022-07-12 15:28:19', '2022-07-12 15:28:19'),
	('thtuce22', '*89C6B530AA78695E257E55D63C00A6EC9AD3E977', '3', '4', '2022-07-12 15:24:58', '2022-07-12 15:24:58', '2022-07-12 15:24:58'),
	('tjhfna12', '*89C6B530AA78695E257E55D63C00A6EC9AD3E977', '3', '4', '2022-07-12 15:19:35', '2022-07-12 15:19:35', '2022-07-12 15:19:35'),
	('yeiwp', '*89C6B530AA78695E257E55D63C00A6EC9AD3E977', '2', '4', '2022-07-12 15:32:26', '2022-07-12 15:32:26', '2022-07-12 15:32:26');
/*!40000 ALTER TABLE `member_id` ENABLE KEYS */;

-- 테이블 lms.member_photo 구조 내보내기
CREATE TABLE IF NOT EXISTS `member_photo` (
  `member_id` varchar(50) NOT NULL,
  `member_photo_original_name` varchar(50) NOT NULL,
  `member_photo_name` varchar(50) NOT NULL,
  `member_photo_size` bigint(50) NOT NULL,
  `member_photo_type` varchar(20) NOT NULL,
  `update_date` datetime NOT NULL,
  PRIMARY KEY (`member_id`),
  CONSTRAINT `FK_member_photo_member_id` FOREIGN KEY (`member_id`) REFERENCES `member_id` (`member_id`) ON DELETE NO ACTION ON UPDATE NO ACTION
) ENGINE=InnoDB DEFAULT CHARSET=utf8;

-- 테이블 데이터 lms.member_photo:~0 rows (대략적) 내보내기
/*!40000 ALTER TABLE `member_photo` DISABLE KEYS */;
/*!40000 ALTER TABLE `member_photo` ENABLE KEYS */;

-- 테이블 lms.password 구조 내보내기
CREATE TABLE IF NOT EXISTS `password` (
  `member_id` varchar(50) NOT NULL,
  `password` varchar(50) NOT NULL,
  `create_date` datetime NOT NULL,
  PRIMARY KEY (`member_id`,`password`)
) ENGINE=InnoDB DEFAULT CHARSET=utf8;

-- 테이블 데이터 lms.password:~61 rows (대략적) 내보내기
/*!40000 ALTER TABLE `password` DISABLE KEYS */;
INSERT INTO `password` (`member_id`, `password`, `create_date`) VALUES
	('admin', '*84AAC12F54AB666ECFC2A83C676908C8BBC381B1', '2022-07-12 15:05:01'),
	('admin1', '*84AAC12F54AB666ECFC2A83C676908C8BBC381B1', '2022-07-12 15:13:11'),
	('admin2', '*EAA4C2E81E41C8CDAB11620A14BCDEECFCF5DE8A', '2022-07-12 15:14:09'),
	('american', '*89C6B530AA78695E257E55D63C00A6EC9AD3E977', '2022-07-12 15:15:02'),
	('american', '*E9D057131C22A0D76B4AAD2C61655BDFA706E637', '2022-07-12 16:18:10'),
	('bahbhae12', '*89C6B530AA78695E257E55D63C00A6EC9AD3E977', '2022-07-12 15:29:57'),
	('cehehti', '*89C6B530AA78695E257E55D63C00A6EC9AD3E977', '2022-07-12 15:25:47'),
	('cehehti', '*E9D057131C22A0D76B4AAD2C61655BDFA706E637', '2022-07-12 16:31:01'),
	('diggle', '*89C6B530AA78695E257E55D63C00A6EC9AD3E977', '2022-07-12 15:13:23'),
	('gdu111', '*89C6B530AA78695E257E55D63C00A6EC9AD3E977', '2022-07-12 15:12:21'),
	('gnalio', '*89C6B530AA78695E257E55D63C00A6EC9AD3E977', '2022-07-12 15:26:51'),
	('gooded11', '*89C6B530AA78695E257E55D63C00A6EC9AD3E977', '2022-07-12 15:23:46'),
	('icetea2', '*89C6B530AA78695E257E55D63C00A6EC9AD3E977', '2022-07-12 15:13:51'),
	('imking', '*556A1819C902459389465119AFDEF298638C520B', '2022-07-12 15:34:18'),
	('imtae', '*89C6B530AA78695E257E55D63C00A6EC9AD3E977', '2022-07-12 15:31:00'),
	('jhefef122', '*89C6B530AA78695E257E55D63C00A6EC9AD3E977', '2022-07-12 15:21:56'),
	('king', '*556A1819C902459389465119AFDEF298638C520B', '2022-07-12 15:38:14'),
	('kwaktube', '*89C6B530AA78695E257E55D63C00A6EC9AD3E977', '2022-07-12 15:11:05'),
	('kwaktube', '*DDA7B4594264195DA8BB303516D7EC5509B7B942', '2022-07-12 16:16:18'),
	('leejunho366', '*89C6B530AA78695E257E55D63C00A6EC9AD3E977', '2022-07-12 15:20:39'),
	('nucksal', '*89C6B530AA78695E257E55D63C00A6EC9AD3E977', '2022-07-12 15:17:32'),
	('panibottle', '*89C6B530AA78695E257E55D63C00A6EC9AD3E977', '2022-07-12 15:15:27'),
	('panibottle', '*DDA7B4594264195DA8BB303516D7EC5509B7B942', '2022-07-12 16:09:16'),
	('parktjdwns', '*89C6B530AA78695E257E55D63C00A6EC9AD3E977', '2022-07-12 15:09:39'),
	('realkim', '*89C6B530AA78695E257E55D63C00A6EC9AD3E977', '2022-07-12 15:14:37'),
	('realkim', '*DDA7B4594264195DA8BB303516D7EC5509B7B942', '2022-07-12 16:20:54'),
	('rightweight', '*89C6B530AA78695E257E55D63C00A6EC9AD3E977', '2022-07-12 15:16:40'),
	('seokyungsuk', '*89C6B530AA78695E257E55D63C00A6EC9AD3E977', '2022-07-12 15:21:21'),
	('songminho', '*89C6B530AA78695E257E55D63C00A6EC9AD3E977', '2022-07-12 15:16:25'),
	('student', '*89C6B530AA78695E257E55D63C00A6EC9AD3E977', '2022-07-12 15:07:30'),
	('student', '*DDA7B4594264195DA8BB303516D7EC5509B7B942', '2022-07-12 15:47:55'),
	('student00', '*84AAC12F54AB666ECFC2A83C676908C8BBC381B1', '2022-07-12 16:15:34'),
	('student00', '*89C6B530AA78695E257E55D63C00A6EC9AD3E977', '2022-07-12 15:31:20'),
	('student01', '*84AAC12F54AB666ECFC2A83C676908C8BBC381B1', '2022-07-12 16:19:02'),
	('student01', '*89C6B530AA78695E257E55D63C00A6EC9AD3E977', '2022-07-12 15:27:04'),
	('student02', '*84AAC12F54AB666ECFC2A83C676908C8BBC381B1', '2022-07-12 15:28:12'),
	('student02', '*89C6B530AA78695E257E55D63C00A6EC9AD3E977', '2022-07-12 15:36:56'),
	('student03', '*89C6B530AA78695E257E55D63C00A6EC9AD3E977', '2022-07-12 15:33:05'),
	('student04', '*84AAC12F54AB666ECFC2A83C676908C8BBC381B1', '2022-07-12 15:34:09'),
	('student04', '*89C6B530AA78695E257E55D63C00A6EC9AD3E977', '2022-07-12 15:38:16'),
	('student05', '*89C6B530AA78695E257E55D63C00A6EC9AD3E977', '2022-07-12 15:39:33'),
	('student06', '*89C6B530AA78695E257E55D63C00A6EC9AD3E977', '2022-07-12 15:41:08'),
	('student07', '*89C6B530AA78695E257E55D63C00A6EC9AD3E977', '2022-07-12 15:42:50'),
	('student08', '*89C6B530AA78695E257E55D63C00A6EC9AD3E977', '2022-07-12 15:43:29'),
	('student09', '*89C6B530AA78695E257E55D63C00A6EC9AD3E977', '2022-07-12 15:44:14'),
	('student1', '*84AAC12F54AB666ECFC2A83C676908C8BBC381B1', '2022-07-12 16:18:54'),
	('student1', '*89C6B530AA78695E257E55D63C00A6EC9AD3E977', '2022-07-12 15:20:57'),
	('student10', '*84AAC12F54AB666ECFC2A83C676908C8BBC381B1', '2022-07-12 16:22:12'),
	('student10', '*89C6B530AA78695E257E55D63C00A6EC9AD3E977', '2022-07-12 15:58:41'),
	('student2', '*84AAC12F54AB666ECFC2A83C676908C8BBC381B1', '2022-07-12 16:19:12'),
	('student2', '*89C6B530AA78695E257E55D63C00A6EC9AD3E977', '2022-07-12 15:22:26'),
	('student3', '*84AAC12F54AB666ECFC2A83C676908C8BBC381B1', '2022-07-12 16:19:27'),
	('student3', '*89C6B530AA78695E257E55D63C00A6EC9AD3E977', '2022-07-12 15:42:11'),
	('student4', '*84AAC12F54AB666ECFC2A83C676908C8BBC381B1', '2022-07-12 16:20:27'),
	('student4', '*89C6B530AA78695E257E55D63C00A6EC9AD3E977', '2022-07-12 15:45:36'),
	('student5', '*84AAC12F54AB666ECFC2A83C676908C8BBC381B1', '2022-07-12 16:20:43'),
	('student5', '*89C6B530AA78695E257E55D63C00A6EC9AD3E977', '2022-07-12 15:48:00'),
	('student6', '*84AAC12F54AB666ECFC2A83C676908C8BBC381B1', '2022-07-12 16:20:55'),
	('student6', '*89C6B530AA78695E257E55D63C00A6EC9AD3E977', '2022-07-12 15:53:47'),
	('student7', '*84AAC12F54AB666ECFC2A83C676908C8BBC381B1', '2022-07-12 16:21:13'),
	('student7', '*89C6B530AA78695E257E55D63C00A6EC9AD3E977', '2022-07-12 15:54:50'),
	('student8', '*84AAC12F54AB666ECFC2A83C676908C8BBC381B1', '2022-07-12 16:21:33'),
	('student8', '*89C6B530AA78695E257E55D63C00A6EC9AD3E977', '2022-07-12 15:56:07'),
	('student9', '*84AAC12F54AB666ECFC2A83C676908C8BBC381B1', '2022-07-12 16:21:51'),
	('student9', '*89C6B530AA78695E257E55D63C00A6EC9AD3E977', '2022-07-12 15:57:27'),
	('suzi1234', '*89C6B530AA78695E257E55D63C00A6EC9AD3E977', '2022-07-12 15:19:43'),
	('teacher', '*89C6B530AA78695E257E55D63C00A6EC9AD3E977', '2022-07-12 15:15:18'),
	('teacher', '*DDA7B4594264195DA8BB303516D7EC5509B7B942', '2022-07-12 15:37:00'),
	('teacher00', '*89C6B530AA78695E257E55D63C00A6EC9AD3E977', '2022-07-12 15:22:01'),
	('teacher01', '*89C6B530AA78695E257E55D63C00A6EC9AD3E977', '2022-07-12 15:26:05'),
	('teacher01', '*EAA4C2E81E41C8CDAB11620A14BCDEECFCF5DE8A', '2022-07-12 15:46:51'),
	('teacher1', '*89C6B530AA78695E257E55D63C00A6EC9AD3E977', '2022-07-12 15:16:31'),
	('teacher1', '*DDA7B4594264195DA8BB303516D7EC5509B7B942', '2022-07-12 15:37:46'),
	('thectae111', '*89C6B530AA78695E257E55D63C00A6EC9AD3E977', '2022-07-12 15:28:19'),
	('thtuce22', '*89C6B530AA78695E257E55D63C00A6EC9AD3E977', '2022-07-12 15:24:58'),
	('tjhfna12', '*89C6B530AA78695E257E55D63C00A6EC9AD3E977', '2022-07-12 15:19:35'),
	('yeiwp', '*89C6B530AA78695E257E55D63C00A6EC9AD3E977', '2022-07-12 15:32:26');
/*!40000 ALTER TABLE `password` ENABLE KEYS */;

-- 테이블 lms.receiver 구조 내보내기
CREATE TABLE IF NOT EXISTS `receiver` (
  `board_no` int(11) NOT NULL,
  `receiver` varchar(50) NOT NULL,
  `update_date` datetime NOT NULL,
  PRIMARY KEY (`board_no`,`receiver`),
  KEY `FK_receiver_teacher` (`receiver`),
  CONSTRAINT `FK_receiver_board` FOREIGN KEY (`board_no`) REFERENCES `board` (`board_no`) ON DELETE NO ACTION ON UPDATE NO ACTION,
  CONSTRAINT `FK_receiver_teacher` FOREIGN KEY (`receiver`) REFERENCES `teacher` (`member_id`) ON DELETE NO ACTION ON UPDATE NO ACTION
) ENGINE=InnoDB DEFAULT CHARSET=utf8 COMMENT='외래키 생각';

-- 테이블 데이터 lms.receiver:~3 rows (대략적) 내보내기
/*!40000 ALTER TABLE `receiver` DISABLE KEYS */;
INSERT INTO `receiver` (`board_no`, `receiver`, `update_date`) VALUES
	(27, 'teacher1', '2022-07-12 16:07:20'),
	(29, 'teacher01', '2022-07-12 16:08:54'),
	(30, 'teacher00', '2022-07-12 16:09:46');
/*!40000 ALTER TABLE `receiver` ENABLE KEYS */;

-- 테이블 lms.student 구조 내보내기
CREATE TABLE IF NOT EXISTS `student` (
  `member_id` varchar(50) NOT NULL,
  `student_name` varchar(50) NOT NULL,
  `student_gender` enum('남','여') NOT NULL,
  `student_phone` varchar(50) NOT NULL,
  `student_address` varchar(200) NOT NULL,
  `student_detailaddress` varchar(50) NOT NULL,
  `student_email` varchar(50) NOT NULL,
  `student_education` enum('고졸','초대졸','대졸') NOT NULL,
  `student_register_date` datetime NOT NULL,
  `update_date` datetime NOT NULL,
  PRIMARY KEY (`member_id`)
) ENGINE=InnoDB DEFAULT CHARSET=utf8;

-- 테이블 데이터 lms.student:~40 rows (대략적) 내보내기
/*!40000 ALTER TABLE `student` DISABLE KEYS */;
INSERT INTO `student` (`member_id`, `student_name`, `student_gender`, `student_phone`, `student_address`, `student_detailaddress`, `student_email`, `student_education`, `student_register_date`, `update_date`) VALUES
	('cehehti', '김치환', '여', '01022366698', '서울특별시동작구사당동249-84사당동B상가', '3층 (비밀번호 11111111)', 'cheticna@naver.com', '초대졸', '2022-07-06 00:00:00', '2022-07-12 16:31:46'),
	('diggle', '황재성', '남', '01012345678', '서울특별시영등포구문래동1가51-2문래동빌딩', '문래빌딩', 'javajoy@naver.com', '초대졸', '2022-06-30 00:00:00', '2022-07-12 15:13:23'),
	('gdu111', '홍철백', '여', '01047789823', '서울특별시동작구사당동1160사당롯데캐슬골든포레', '3동 307호', 'honhdw@naver.com', '초대졸', '2022-02-23 00:00:00', '2022-07-12 15:12:21'),
	('gnalio', '김미나', '여', '01058887747', '서울특별시구로구구로동735-26우리은행구로동지점', '2층', 'mina@nate.com', '초대졸', '2022-06-29 00:00:00', '2022-07-12 15:26:51'),
	('gooded11', '김코낫', '남', '01088981121', '경기도포천시가산면마산리425-1가산파출소', '303호', 'coconat@nate.com', '고졸', '2022-06-21 00:00:00', '2022-07-12 15:23:46'),
	('icetea2', '백철북', '남', '01077893348', '서울특별시중구신당동85-47신당동K47빌딩', '55-2 101호', 'whitebook@gmail.com', '고졸', '2022-05-26 00:00:00', '2022-07-12 15:13:51'),
	('jhefef122', '김확수', '여', '01077536985', '전라남도강진군칠량면송로리248구로마을회관', '2층', 'check124@naver.com', '고졸', '2022-06-05 00:00:00', '2022-07-12 15:21:56'),
	('kwaktube', '곽준빈 ', '여', '01012345678', '서울특별시구로구신도림동432-30신도림동라마다호텔', '라마다호텔', 'javajoy@naver.com', '고졸', '2022-07-12 00:00:00', '2022-07-12 15:11:05'),
	('leejunho366', '이준호', '남', '01058873696', '전라남도여수시학동177-2웨이트호텔', '3층', 'leejunho3353@naver.com', '고졸', '2022-06-30 00:00:00', '2022-07-12 15:20:39'),
	('nucksal', '넉살', '여', '01012345678', '서울특별시마포구동교동190-1홍대입구역', '홍대입구', 'javajoyasd@naver.com', '초대졸', '2022-07-11 00:00:00', '2022-07-12 15:17:32'),
	('panibottle', '빠니보틀', '여', '01012345678', '서울특별시구로구구로동503-10구로동교회', '구로동교회', 'javajoy@naver.com', '고졸', '2022-07-12 00:00:00', '2022-07-12 15:15:27'),
	('parktjdwns', '강호동', '남', '01012345678', '서울특별시구로구구로동735-26우리은행구로동지점', '우리은행', 'javajoy@naver.com', '대졸', '2022-06-27 00:00:00', '2022-07-12 15:09:39'),
	('realkim', '김진짜', '남', '01029291234', '서울특별시영등포구당산동4가96당산동반도유보라팰리스', '반도유보리', 'javajoy@naver.com', '초대졸', '2022-06-28 00:00:00', '2022-07-12 15:14:37'),
	('rightweight', '이중량', '남', '01033025698', '전라남도함평군나산면수상리756-1수상리유덕경로당', '3층', 'freeweight@nate.com', '대졸', '2022-06-23 00:00:00', '2022-07-12 15:16:40'),
	('seokyungsuk', '서경석', '남', '01012345678', '서울특별시금천구가산동468-4가산디지털단지역', '가산동 101111', 'zxcv@naver.com', '대졸', '2022-06-29 00:00:00', '2022-07-12 15:21:21'),
	('songminho', '송민호', '남', '01012345678', '서울특별시마포구상암동1616상암동주민센터', '주민센터', 'jaavsd@naver.com', '초대졸', '2022-06-29 00:00:00', '2022-07-12 15:16:25'),
	('student', '박성준', '남', '01012345678', '서울특별시구로구가리봉동121-45', '1234', 'javajoy@naver.com', '초대졸', '2022-06-27 00:00:00', '2022-07-12 15:07:30'),
	('student00', '엄준식', '남', '01012341234', '강원도인제군기린면서리694-1강원도인제교육청평생교육원', '1000호', 'adas1@anver.com', '고졸', '2022-06-26 00:00:00', '2022-07-12 15:31:20'),
	('student01', '김미숙', '여', '01012341234', '경기도연천군연천읍동막리608-2연천군산림조합', '104호', 'ad2221@anver.com', '대졸', '2022-06-27 00:00:00', '2022-07-12 15:27:04'),
	('student02', '나혜숙', '여', '01012341234', '강원도정선군임계면임계리352-4', '2069호 비밀번호/11111111', 'ad123123s1@anver.com', '대졸', '2022-08-01 00:00:00', '2022-07-12 15:36:56'),
	('student03', '원성준', '남', '01012341234', '강원도홍천군홍천읍하오안리58-12', '2동', 'adas1@anver.com', '대졸', '2022-06-26 00:00:00', '2022-07-12 15:33:05'),
	('student04', '박성현', '여', '01012344321', '경상북도경주시문무대왕면안동리71-2안동2리마을회', '안동역 2번출구 비밀번호/111111111', 'ad123123s1@anver.com', '대졸', '2022-06-26 00:00:00', '2022-07-12 15:38:16'),
	('student05', '우치하 성준', '여', '01012341234', '부산광역시해운대구우동1398해운대엑소디움', '2동1111호 비밀번호/11111111', 'ad123123s1@anver.com', '초대졸', '2022-06-26 00:00:00', '2022-07-12 15:39:33'),
	('student06', '사이타마', '여', '01012344321', '서울특별시마포구도화동555마포한화오벨리스크', '마포주먹고기 비밀번호/11111111', 'adas1@anver.com', '대졸', '2022-06-26 00:00:00', '2022-07-12 15:41:08'),
	('student07', '이국주', '여', '01012344321', '경상남도김해시봉황동81-12', '2동 비밀번호/11111111', 'adas1@anver.com', '초대졸', '2022-06-26 00:00:00', '2022-07-12 15:42:50'),
	('student08', '김다온', '여', '01012341234', '인천광역시연수구송도동315-1송도SKVIEW', '2동 비밀번호/11111111', 'adas1@anver.com', '초대졸', '2022-06-26 00:00:00', '2022-07-12 15:43:29'),
	('student09', '샘 오 췰위', '남', '01012341234', '경기도부천시송내동592-2행복꿈터', '부천역 버스킹 광장 비밀번호/11111111', 'adas1@anver.com', '대졸', '2022-06-26 00:00:00', '2022-07-12 15:44:14'),
	('student1', '배진호', '남', '01054123451', '경기도포천시가산면방축리854', '자이아파트 840-2002 비밀번호/12345678', 'Jinho35651@gmail.com', '대졸', '2022-07-24 00:00:00', '2022-07-12 15:43:47'),
	('student10', '양호준', '남', '01012345678', '서울특별시구로구가리봉동121-57삼원', '삼원아파트 701동 1002호', 'yhj1511@gmail.com', '초대졸', '2022-07-05 00:00:00', '2022-07-12 15:58:41'),
	('student2', '강해효', '남', '01051542358', '경기도수원시영통구망포동509-1영통마젤란21아파트(1단지)', '마젤란 501동 1104호 비밀번호/12345678', 'KHH35651@gmail.com', '초대졸', '2022-07-08 00:00:00', '2022-07-12 15:43:38'),
	('student3', '민찬기', '남', '01054125541', '서울특별시구로구가리봉동121-58삼원빌', '삼원빌120동202호 비밀번호/12345678', 'MCK0711@naver.com', '고졸', '2022-07-01 00:00:00', '2022-07-12 15:42:11'),
	('student4', '김지유', '여', '01058841515', '경기도수원시영통구망포동382-3망포동e-타운ll', 'e타운아파트 601동 1402호 비밀번호/12345678', 'KJU1004@naver.com', '대졸', '2022-07-01 00:00:00', '2022-07-12 15:45:36'),
	('student5', '이지수', '여', '01088842519', '경기도가평군가평읍대곡리70-28', '891-7 파란별채 402호 비밀번호/12345678', 'ljs0215@naver.com', '대졸', '2022-07-06 00:00:00', '2022-07-12 15:48:00'),
	('student6', '김지호', '남', '01054877997', '서울특별시강남구역삼동832-3강남역쉐르빌', '302호 비밀번호/12345678', 'kjh2010@naver.com', '대졸', '2022-06-29 00:00:00', '2022-07-12 15:53:47'),
	('student7', '김시후', '남', '01026413526', '서울특별시강서구화곡동1065-6강서포스텔', '포스텔 302호 비밀번호/12345678', 'ksh0212@gmail.com', '대졸', '2022-07-08 00:00:00', '2022-07-12 15:54:50'),
	('student8', '강진기', '남', '01012345678', '서울특별시강북구수유동561-2강북빌라트', '자이아파트 840-2002 비밀번호/12345678', 'KJK35651@gmail.com', '초대졸', '2022-07-01 00:00:00', '2022-07-12 15:56:07'),
	('student9', '마동팔', '남', '01012345678', '충청남도천안시동남구삼룡동381-7선문대학교천안캠퍼스', '인문관 502호 비밀번호/12345678', 'mdp1234@naver.com', '고졸', '2022-07-06 00:00:00', '2022-07-12 15:57:27'),
	('suzi1234', '이수지', '여', '01012345678', '서울특별시송파구방이동127', '방아깨비', 'asdf@naver.com', '초대졸', '2022-06-26 00:00:00', '2022-07-12 15:19:43'),
	('thtuce22', '김기리', '여', '01044775555', '부산광역시북구만덕동843북구디지털도서관', '3층 3호', 'giri@nate.com', '대졸', '2022-06-09 00:00:00', '2022-07-12 15:24:58'),
	('tjhfna12', '김민수', '남', '01044536985', '전라북도익산시남중동222-10YG한국체대입시학원', '3호관 303호', 'minsu300@nate.com', '초대졸', '2022-05-20 00:00:00', '2022-07-12 15:19:35');
/*!40000 ALTER TABLE `student` ENABLE KEYS */;

-- 테이블 lms.student_file 구조 내보내기
CREATE TABLE IF NOT EXISTS `student_file` (
  `student_file_no` int(11) NOT NULL AUTO_INCREMENT,
  `subject_report_student_no` int(11) NOT NULL,
  `student_file_original_name` varchar(50) NOT NULL,
  `student_file_name` varchar(50) NOT NULL,
  `student_file_type` text NOT NULL,
  `student_file_size` bigint(20) NOT NULL,
  `create_date` datetime NOT NULL,
  `update_date` datetime NOT NULL,
  PRIMARY KEY (`student_file_no`) USING BTREE,
  KEY `FK_student_file_subject_report_student` (`subject_report_student_no`),
  CONSTRAINT `FK_student_file_subject_report_student` FOREIGN KEY (`subject_report_student_no`) REFERENCES `subject_report_student` (`subject_report_student_no`) ON DELETE NO ACTION ON UPDATE NO ACTION
) ENGINE=InnoDB AUTO_INCREMENT=3 DEFAULT CHARSET=utf8;

-- 테이블 데이터 lms.student_file:~0 rows (대략적) 내보내기
/*!40000 ALTER TABLE `student_file` DISABLE KEYS */;
INSERT INTO `student_file` (`student_file_no`, `subject_report_student_no`, `student_file_original_name`, `student_file_name`, `student_file_type`, `student_file_size`, `create_date`, `update_date`) VALUES
	(1, 1, 'GDJ46 김유진 자기소개서.hwp', '703f8029-1c8d-4f21-8550-adb257587ce0.hwp', 'application/octet-stream', 49152, '2022-07-12 16:18:13', '2022-07-12 16:18:13'),
	(2, 2, 'FINAL요구사항.txt', 'da9f4f5b-b9f7-46ce-8430-3eab9e7ca502.txt', 'text/plain', 7465, '2022-07-12 16:19:23', '2022-07-12 16:19:23');
/*!40000 ALTER TABLE `student_file` ENABLE KEYS */;

-- 테이블 lms.student_job 구조 내보내기
CREATE TABLE IF NOT EXISTS `student_job` (
  `member_id` varchar(50) NOT NULL,
  `company` varchar(50) NOT NULL,
  `start_salary` int(11) NOT NULL COMMENT '초봉',
  `create_date` datetime NOT NULL,
  `update_date` datetime NOT NULL,
  PRIMARY KEY (`member_id`)
) ENGINE=InnoDB DEFAULT CHARSET=utf8;

-- 테이블 데이터 lms.student_job:~0 rows (대략적) 내보내기
/*!40000 ALTER TABLE `student_job` DISABLE KEYS */;
INSERT INTO `student_job` (`member_id`, `company`, `start_salary`, `create_date`, `update_date`) VALUES
	('student08', '애플', 15000, '2022-07-12 16:33:40', '2022-07-12 16:33:40'),
	('student09', '삼숭전자', 10000, '2022-07-12 16:33:28', '2022-07-12 16:33:28');
/*!40000 ALTER TABLE `student_job` ENABLE KEYS */;

-- 테이블 lms.subject 구조 내보내기
CREATE TABLE IF NOT EXISTS `subject` (
  `subject_no` int(11) NOT NULL AUTO_INCREMENT,
  `teacher_id` varchar(50) NOT NULL COMMENT '강좌담당 강사',
  `admin_id` varchar(50) NOT NULL COMMENT '작성자',
  `subject_name` varchar(50) NOT NULL,
  `subject_student_max` int(11) NOT NULL,
  `subject_info` text NOT NULL,
  `subject_start_date` date NOT NULL,
  `subject_finish_date` date NOT NULL,
  `subject_start_time` time NOT NULL,
  `subject_end_time` time NOT NULL,
  `create_date` datetime NOT NULL,
  `update_date` datetime NOT NULL,
  PRIMARY KEY (`subject_no`)
) ENGINE=InnoDB AUTO_INCREMENT=5 DEFAULT CHARSET=utf8;

-- 테이블 데이터 lms.subject:~4 rows (대략적) 내보내기
/*!40000 ALTER TABLE `subject` DISABLE KEYS */;
INSERT INTO `subject` (`subject_no`, `teacher_id`, `admin_id`, `subject_name`, `subject_student_max`, `subject_info`, `subject_start_date`, `subject_finish_date`, `subject_start_time`, `subject_end_time`, `create_date`, `update_date`) VALUES
	(1, 'teacher01', 'admin', '떠먹여주는 파이썬 1회차', 45, '프로그래밍 입문자라면 Python부터 도전!\r\n\r\nPython은 초보자부터 전문가까지 누구든 쉽게 접근할 수 있는 프로그래밍 언어로 다양한 플랫폼에서 활용 가능하며 라이브러리 지원으로 시스템, 네트워크, 웹 개발, 빅데이터 분석 등에 활용되는 기초 문법을 공부합니다.', '2022-07-09', '2023-01-07', '09:00:00', '19:50:00', '2022-07-12 15:24:37', '2022-07-12 15:47:32'),
	(2, 'teacher1', 'admin', '웹개발자 마스터되기', 10, '웹개발자 마스터가능!!!\r\n\r\n고연봉 백엔드 개발자로 성장하고 싶다면? 고연봉 백엔드 개발자에게 배우세요! 상위 1% IT 출신 멘토들이 당신의 성장을 도와줍니다. 모의면접 등 취업 준비. 적은 인원으로 세밀한 케어.\r\n\r\n', '2022-04-04', '2022-10-05', '09:00:00', '18:00:00', '2022-07-12 15:32:33', '2022-07-12 15:32:33'),
	(3, 'american', 'admin', '잠자면서도 배우는 자바 스크립트', 20, '잠자면서도 배울 수 있을 만큼 쉽게 알아가는 자바 스크립트!!\r\n\r\n- 비전공자 적극 추천!\r\n- 인터넷의 페이징 이해가 안되는 분들!\r\n- 조금 더 기초부터 배우고 싶은 전공자들 \r\n\r\n언제나 환영합니다~\r\n\r\n***취업보장!!!***\r\n\r\n', '2022-05-17', '2022-09-24', '09:40:00', '21:30:00', '2022-07-12 15:42:18', '2022-07-12 15:42:18'),
	(4, 'teacher00', 'admin', '마음에 남는 기초 C#', 50, '머리가 아닌 마음에 남는 명 강의\r\n\r\n-기초부터 시작하시는 분\r\n-비 전공자 이신 분\r\n-전공이지만 기본기를 탄탄하게 만들고 싶으신 분\r\n-취업 준비 중이신 분\r\n\r\n위 내용 중 하나라도 포함하신다면 진지하게 고민해 보세요.\r\n\r\n', '2022-02-11', '2022-07-21', '09:00:00', '18:00:00', '2022-07-12 16:11:04', '2022-07-12 16:13:24');
/*!40000 ALTER TABLE `subject` ENABLE KEYS */;

-- 테이블 lms.subject_board 구조 내보내기
CREATE TABLE IF NOT EXISTS `subject_board` (
  `subject_board_no` int(11) NOT NULL AUTO_INCREMENT,
  `subject_no` int(11) NOT NULL,
  `create_date` datetime NOT NULL,
  PRIMARY KEY (`subject_board_no`),
  KEY `FK_subject_board_subject` (`subject_no`),
  CONSTRAINT `FK_subject_board_subject` FOREIGN KEY (`subject_no`) REFERENCES `subject` (`subject_no`) ON DELETE NO ACTION ON UPDATE NO ACTION
) ENGINE=InnoDB AUTO_INCREMENT=31 DEFAULT CHARSET=utf8;

-- 테이블 데이터 lms.subject_board:~9 rows (대략적) 내보내기
/*!40000 ALTER TABLE `subject_board` DISABLE KEYS */;
INSERT INTO `subject_board` (`subject_board_no`, `subject_no`, `create_date`) VALUES
	(1, 2, '2022-07-12 15:34:58'),
	(2, 1, '2022-07-12 15:45:51'),
	(3, 1, '2022-07-12 15:48:54'),
	(4, 1, '2022-07-12 15:49:28'),
	(5, 2, '2022-07-12 15:53:03'),
	(6, 1, '2022-07-12 16:03:05'),
	(9, 1, '2022-07-12 16:04:06'),
	(11, 1, '2022-07-12 16:07:18'),
	(12, 1, '2022-07-12 16:08:56'),
	(16, 1, '2022-07-12 16:12:40'),
	(21, 1, '2022-07-12 16:21:29'),
	(23, 1, '2022-07-12 16:22:41'),
	(26, 1, '2022-07-12 16:30:35'),
	(27, 2, '2022-07-12 16:31:41'),
	(28, 3, '2022-07-12 16:42:37'),
	(29, 3, '2022-07-12 16:46:55');
/*!40000 ALTER TABLE `subject_board` ENABLE KEYS */;

-- 테이블 lms.subject_data 구조 내보내기
CREATE TABLE IF NOT EXISTS `subject_data` (
  `subject_data_no` int(11) NOT NULL,
  `member_id` varchar(50) NOT NULL,
  `subject_data_title` varchar(50) NOT NULL,
  `subject_data_content` varchar(50) NOT NULL,
  `update_date` datetime NOT NULL,
  PRIMARY KEY (`subject_data_no`),
  CONSTRAINT `FK_subject_data_subject_board` FOREIGN KEY (`subject_data_no`) REFERENCES `subject_board` (`subject_board_no`) ON DELETE NO ACTION ON UPDATE NO ACTION
) ENGINE=InnoDB DEFAULT CHARSET=utf8;

-- 테이블 데이터 lms.subject_data:~0 rows (대략적) 내보내기
/*!40000 ALTER TABLE `subject_data` DISABLE KEYS */;
INSERT INTO `subject_data` (`subject_data_no`, `member_id`, `subject_data_title`, `subject_data_content`, `update_date`) VALUES
	(16, 'admin2', '떠먹여주는 파이썬 수강계획표', '계획표입니다', '2022-07-12 16:21:37'),
	(21, 'admin', '유희조', '유희조', '2022-07-12 16:21:29'),
	(26, 'admin', '박범진', 'ㅎㅇ', '2022-07-12 16:30:35'),
	(27, 'teacher1', 'ㅁㄴㅇㅇㅇㅇ', 'ㅇㅇㅇㅇㅇ', '2022-07-12 16:31:41');
/*!40000 ALTER TABLE `subject_data` ENABLE KEYS */;

-- 테이블 lms.subject_file 구조 내보내기
CREATE TABLE IF NOT EXISTS `subject_file` (
  `subject_file_no` int(11) NOT NULL AUTO_INCREMENT,
  `subject_file_board_no` int(11) NOT NULL,
  `subject_file_name` varchar(50) NOT NULL,
  `subject_file_original_name` varchar(50) NOT NULL,
  `subject_file_type` text NOT NULL,
  `subject_file_size` bigint(20) NOT NULL,
  `create_date` datetime NOT NULL,
  `update_date` datetime NOT NULL,
  PRIMARY KEY (`subject_file_no`),
  KEY `FK_subject_file_subject_board` (`subject_file_board_no`),
  CONSTRAINT `FK_subject_file_subject_board` FOREIGN KEY (`subject_file_board_no`) REFERENCES `subject_board` (`subject_board_no`) ON DELETE NO ACTION ON UPDATE NO ACTION
) ENGINE=InnoDB AUTO_INCREMENT=24 DEFAULT CHARSET=utf8;

-- 테이블 데이터 lms.subject_file:~6 rows (대략적) 내보내기
/*!40000 ALTER TABLE `subject_file` DISABLE KEYS */;
INSERT INTO `subject_file` (`subject_file_no`, `subject_file_board_no`, `subject_file_name`, `subject_file_original_name`, `subject_file_type`, `subject_file_size`, `create_date`, `update_date`) VALUES
	(1, 2, '35846c81-4771-4dfe-8fc1-88b95197db70.txt', 'FINAL요구사항.txt', 'text/plain', 7465, '2022-07-12 15:45:51', '2022-07-12 15:45:51'),
	(2, 3, 'edfebd45-0fe8-42aa-9766-d9d7dccbe6fc.txt', 'FINAL요구사항.txt', 'text/plain', 7465, '2022-07-12 15:48:54', '2022-07-12 15:48:54'),
	(3, 4, '7004dcae-cd23-4931-8e2f-f2a5b22980ad.ppt', '229장_아무 흠도 없고_새찬송가악보_PPT.ppt', 'application/vnd.ms-powerpoint', 1486848, '2022-07-12 15:49:28', '2022-07-12 15:49:28'),
	(4, 9, 'd8b7b10c-80a0-4b16-9da8-aa49357bac52.png', '123123123.png', 'image/png', 254411, '2022-07-12 16:05:31', '2022-07-12 16:05:31'),
	(5, 11, '2b8ebffc49574c0db01a7f27d9d597ac.txt', 'FINAL요구사항.txt', 'text/plain', 7465, '2022-07-12 16:07:18', '2022-07-12 16:07:18'),
	(6, 12, 'ee78e9c7a8394e63b87a621bbd43aa64.hwp', 'GDJ46 김유진 자기소개서.hwp', 'application/octet-stream', 49152, '2022-07-12 16:08:56', '2022-07-12 16:08:56'),
	(15, 21, '4f2f6e6b-6ba2-4d9c-b7e7-9aebd3c67971.txt', '마리아디비10.3업그레이드 (1) (1).txt', 'text/plain', 681, '2022-07-12 16:21:29', '2022-07-12 16:21:29'),
	(17, 23, 'bad01fd7-9101-4da1-becb-8d092e59fb2d.hwp', 'GDJ46 김유진 자기소개서.hwp', 'application/octet-stream', 49152, '2022-07-12 16:22:41', '2022-07-12 16:22:41'),
	(20, 26, '45bad418-3471-426d-9926-6e62fb9825a5.hwp', '훈련참여수당.hwp', 'application/octet-stream', 58880, '2022-07-12 16:30:35', '2022-07-12 16:30:35'),
	(21, 27, '79fe291b-542e-413c-bb27-b3eee86443f9.txt', '마리아디비10.3업그레이드 (1) (1).txt', 'text/plain', 681, '2022-07-12 16:31:42', '2022-07-12 16:31:42'),
	(22, 29, 'dfd23c2c-220b-4d43-8c4f-24a7f266c5a5.pdf', '46기 4월 일정.pdf', 'application/pdf', 25755, '2022-07-12 16:46:55', '2022-07-12 16:46:55');
/*!40000 ALTER TABLE `subject_file` ENABLE KEYS */;

-- 테이블 lms.subject_notice 구조 내보내기
CREATE TABLE IF NOT EXISTS `subject_notice` (
  `subject_notice_no` int(11) NOT NULL AUTO_INCREMENT,
  `member_id` varchar(50) NOT NULL,
  `subject_notice_title` varchar(50) NOT NULL,
  `subject_notice_content` longtext NOT NULL,
  `create_date` datetime NOT NULL,
  PRIMARY KEY (`subject_notice_no`),
  CONSTRAINT `FK_subject_notice_subject_board` FOREIGN KEY (`subject_notice_no`) REFERENCES `subject_board` (`subject_board_no`) ON DELETE NO ACTION ON UPDATE NO ACTION
) ENGINE=InnoDB AUTO_INCREMENT=29 DEFAULT CHARSET=utf8;

-- 테이블 데이터 lms.subject_notice:~5 rows (대략적) 내보내기
/*!40000 ALTER TABLE `subject_notice` DISABLE KEYS */;
INSERT INTO `subject_notice` (`subject_notice_no`, `member_id`, `subject_notice_title`, `subject_notice_content`, `create_date`) VALUES
	(5, 'admin', '5/15일 휴강 공지', '<p>5/27일 석가탄신일 휴뮤입니다!</p>', '2022-07-12 15:53:03'),
	(6, 'admin2', '안녕하세요 떠먹여주는 파이썬 운영자입니다', '문의사항은 저한테로', '2022-07-12 16:03:05'),
	(9, 'admin2', '1차 퀴즈 관련공지', '<p>1차퀴즈 관련 공지 pdf파일 나갑니다 확인해주세요</p>', '2022-07-12 16:04:06'),
	(11, 'admin2', '떠먹여주는 파이썬 공지', '<p>ㅎㅇㅎㅇ</p>', '2022-07-12 16:07:18'),
	(12, 'admin2', '떠먹여주는 파이썬 공지사항입니다', '<p>확인바람</p>', '2022-07-12 16:08:56'),
	(28, 'admin', '저작권 없는 영상', '<p><iframe frameborder="0" src="//www.youtube.com/embed/5_2htTpUhG8" width="640" height="360" class="note-video-clip"></iframe><br></p>', '2022-07-12 16:42:37');
/*!40000 ALTER TABLE `subject_notice` ENABLE KEYS */;

-- 테이블 lms.subject_report 구조 내보내기
CREATE TABLE IF NOT EXISTS `subject_report` (
  `subject_report_no` int(11) NOT NULL AUTO_INCREMENT,
  `member_id` varchar(50) NOT NULL,
  `subject_report_title` varchar(50) NOT NULL,
  `subject_report_content` text NOT NULL,
  `subject_report_period` datetime NOT NULL,
  `create_date` datetime NOT NULL,
  PRIMARY KEY (`subject_report_no`),
  CONSTRAINT `FK_subject_report_subject_board` FOREIGN KEY (`subject_report_no`) REFERENCES `subject_board` (`subject_board_no`) ON DELETE NO ACTION ON UPDATE NO ACTION
) ENGINE=InnoDB AUTO_INCREMENT=30 DEFAULT CHARSET=utf8;

-- 테이블 데이터 lms.subject_report:~4 rows (대략적) 내보내기
/*!40000 ALTER TABLE `subject_report` DISABLE KEYS */;
INSERT INTO `subject_report` (`subject_report_no`, `member_id`, `subject_report_title`, `subject_report_content`, `subject_report_period`, `create_date`) VALUES
	(1, 'admin', '시험문제페이지 만들어보세요 ', 'jsp 페이지 만들기!!', '2022-05-11 23:30:00', '2022-07-12 15:34:58'),
	(2, 'admin2', '파이썬 기초문법 문제 1~10', '파이썬 문제를 풀어봅시다 ^ㅠ^', '2022-07-13 15:45:00', '2022-07-12 15:45:51'),
	(3, 'admin2', '1차 퀴즈입니다', '문제풀고 제출하세요', '2022-07-30 15:48:00', '2022-07-12 15:48:54'),
	(4, 'admin2', '파이썬 중간고사입니다', '중간고사 풀고 제출하세요', '2022-08-06 15:49:00', '2022-07-12 15:49:28'),
	(23, 'admin', 'ㅎㅇㅎㅇ', 'ㅎㅇㅎㅇㅎㅇㅎ', '2022-06-28 16:22:00', '2022-07-12 16:22:41'),
	(29, 'admin', '자바스크립트 관련 과제', '첨부된 파일을 참초하여 강의 일정을 서술하시오.\r\n\r\n기한 2022 . 07 . 28 . 23 : 59', '2022-07-28 16:45:00', '2022-07-12 16:46:55');
/*!40000 ALTER TABLE `subject_report` ENABLE KEYS */;

-- 테이블 lms.subject_report_comment 구조 내보내기
CREATE TABLE IF NOT EXISTS `subject_report_comment` (
  `subject_report_comment_no` int(11) NOT NULL AUTO_INCREMENT,
  `subject_report_no` int(11) NOT NULL,
  `member_id` varchar(50) NOT NULL,
  `subject_report_comment_content` text NOT NULL,
  `create_date` datetime NOT NULL,
  `update_date` datetime NOT NULL,
  PRIMARY KEY (`subject_report_comment_no`),
  KEY `FK_subject_report_comment_subject_report` (`subject_report_no`),
  CONSTRAINT `FK_subject_report_comment_subject_report` FOREIGN KEY (`subject_report_no`) REFERENCES `subject_report` (`subject_report_no`) ON DELETE NO ACTION ON UPDATE NO ACTION
) ENGINE=InnoDB AUTO_INCREMENT=3 DEFAULT CHARSET=utf8;

-- 테이블 데이터 lms.subject_report_comment:~0 rows (대략적) 내보내기
/*!40000 ALTER TABLE `subject_report_comment` DISABLE KEYS */;
INSERT INTO `subject_report_comment` (`subject_report_comment_no`, `subject_report_no`, `member_id`, `subject_report_comment_content`, `create_date`, `update_date`) VALUES
	(1, 2, 'student00', '넹', '2022-07-12 16:15:51', '2022-07-12 16:15:51'),
	(2, 2, 'student00', '확인', '2022-07-12 16:16:16', '2022-07-12 16:16:16');
/*!40000 ALTER TABLE `subject_report_comment` ENABLE KEYS */;

-- 테이블 lms.subject_report_student 구조 내보내기
CREATE TABLE IF NOT EXISTS `subject_report_student` (
  `subject_report_student_no` int(11) NOT NULL AUTO_INCREMENT,
  `subject_report_no` int(11) NOT NULL,
  `member_id` varchar(50) NOT NULL,
  `subject_report_student_title` varchar(50) NOT NULL,
  `subject_report_student_content` text NOT NULL,
  `score` int(11) NOT NULL,
  `status` enum('1','2') NOT NULL DEFAULT '1' COMMENT '1=채점전, 2=채점완료',
  `create_date` datetime NOT NULL,
  `update_date` datetime NOT NULL,
  PRIMARY KEY (`subject_report_student_no`)
) ENGINE=InnoDB AUTO_INCREMENT=4 DEFAULT CHARSET=utf8;

-- 테이블 데이터 lms.subject_report_student:~0 rows (대략적) 내보내기
/*!40000 ALTER TABLE `subject_report_student` DISABLE KEYS */;
INSERT INTO `subject_report_student` (`subject_report_student_no`, `subject_report_no`, `member_id`, `subject_report_student_title`, `subject_report_student_content`, `score`, `status`, `create_date`, `update_date`) VALUES
	(1, 2, 'student00', '기초문법 과제 제출합니다', '기초문법과제입니다', 100, '2', '2022-07-12 16:18:13', '2022-07-12 16:25:36'),
	(2, 2, 'student01', '과제제출합니다', '!!', 50, '2', '2022-07-12 16:19:23', '2022-07-12 16:25:52'),
	(3, 1, 'realkim', '과제제출합니다', '과제체줄드립니다', 100, '2', '2022-07-12 16:22:53', '2022-07-12 16:34:41');
/*!40000 ALTER TABLE `subject_report_student` ENABLE KEYS */;

-- 테이블 lms.subject_student 구조 내보내기
CREATE TABLE IF NOT EXISTS `subject_student` (
  `member_id` varchar(50) NOT NULL,
  `subject_no` int(11) NOT NULL,
  `update_date` datetime NOT NULL,
  PRIMARY KEY (`member_id`,`subject_no`),
  KEY `FK_subject_student_subject` (`subject_no`),
  CONSTRAINT `FK_subject_student_student` FOREIGN KEY (`member_id`) REFERENCES `student` (`member_id`) ON DELETE NO ACTION ON UPDATE NO ACTION,
  CONSTRAINT `FK_subject_student_subject` FOREIGN KEY (`subject_no`) REFERENCES `subject` (`subject_no`) ON DELETE NO ACTION ON UPDATE NO ACTION
) ENGINE=InnoDB DEFAULT CHARSET=utf8;

-- 테이블 데이터 lms.subject_student:~19 rows (대략적) 내보내기
/*!40000 ALTER TABLE `subject_student` DISABLE KEYS */;
INSERT INTO `subject_student` (`member_id`, `subject_no`, `update_date`) VALUES
	('cehehti', 3, '2022-07-12 16:33:41'),
	('diggle', 2, '2022-07-12 15:33:18'),
	('gdu111', 3, '2022-07-12 16:33:41'),
	('gnalio', 3, '2022-07-12 16:33:41'),
	('gooded11', 3, '2022-07-12 16:33:41'),
	('icetea2', 3, '2022-07-12 16:35:17'),
	('jhefef122', 3, '2022-07-12 16:35:17'),
	('kwaktube', 2, '2022-07-12 15:33:18'),
	('leejunho366', 3, '2022-07-12 16:33:41'),
	('nucksal', 2, '2022-07-12 15:33:18'),
	('panibottle', 2, '2022-07-12 15:33:18'),
	('parktjdwns', 2, '2022-07-12 15:33:18'),
	('realkim', 2, '2022-07-12 15:33:18'),
	('rightweight', 3, '2022-07-12 16:33:41'),
	('seokyungsuk', 2, '2022-07-12 15:33:18'),
	('songminho', 2, '2022-07-12 15:33:18'),
	('student', 2, '2022-07-12 15:33:18'),
	('student00', 1, '2022-07-12 15:44:52'),
	('student01', 1, '2022-07-12 15:44:52'),
	('student02', 1, '2022-07-12 15:44:52'),
	('student03', 1, '2022-07-12 15:44:52'),
	('student04', 1, '2022-07-12 15:44:52'),
	('student05', 1, '2022-07-12 15:44:52'),
	('student06', 1, '2022-07-12 15:44:52'),
	('student07', 1, '2022-07-12 15:44:52'),
	('student08', 1, '2022-07-12 15:44:52'),
	('student09', 1, '2022-07-12 15:44:52'),
	('student1', 4, '2022-07-12 16:14:32'),
	('student10', 4, '2022-07-12 16:14:32'),
	('student2', 4, '2022-07-12 16:14:32'),
	('student3', 4, '2022-07-12 16:14:32'),
	('student4', 4, '2022-07-12 16:14:32'),
	('student5', 4, '2022-07-12 16:14:32'),
	('student6', 4, '2022-07-12 16:14:32'),
	('student7', 4, '2022-07-12 16:14:32'),
	('student8', 4, '2022-07-12 16:14:32'),
	('student9', 4, '2022-07-12 16:14:32'),
	('thtuce22', 3, '2022-07-12 16:35:17'),
	('tjhfna12', 3, '2022-07-12 16:35:17');
/*!40000 ALTER TABLE `subject_student` ENABLE KEYS */;

-- 테이블 lms.subject_video 구조 내보내기
CREATE TABLE IF NOT EXISTS `subject_video` (
  `subject_video_no` int(11) NOT NULL AUTO_INCREMENT,
  `subject_no` int(11) NOT NULL,
  `subject_video_title` varchar(50) NOT NULL,
  `subject_video_content` text NOT NULL,
  `subject_video_url` text NOT NULL,
  `create_date` datetime NOT NULL,
  `update_date` datetime NOT NULL,
  PRIMARY KEY (`subject_video_no`),
  KEY `FK_subject_video_subject` (`subject_no`),
  CONSTRAINT `FK_subject_video_subject` FOREIGN KEY (`subject_no`) REFERENCES `subject` (`subject_no`) ON DELETE NO ACTION ON UPDATE NO ACTION
) ENGINE=InnoDB AUTO_INCREMENT=7 DEFAULT CHARSET=utf8;

-- 테이블 데이터 lms.subject_video:~3 rows (대략적) 내보내기
/*!40000 ALTER TABLE `subject_video` DISABLE KEYS */;
INSERT INTO `subject_video` (`subject_video_no`, `subject_no`, `subject_video_title`, `subject_video_content`, `subject_video_url`, `create_date`, `update_date`) VALUES
	(1, 2, '자바 문법 기초 영상', '자바문법기초 영상에 대해서 알아봅시다', 'https://www.youtube.com/embed/5_2htTpUhG8', '2022-07-12 15:59:00', '2022-07-12 16:01:29'),
	(3, 1, '파이썬 기초', '파이썬 기초 영상자료입니다', 'https://www.youtube.com/embed/5_2htTpUhG8', '2022-07-12 16:02:03', '2022-07-12 16:02:03'),
	(4, 1, '파이썬 인공지능 영상자료', '잼있게보세요', 'https://www.youtube.com/embed/U0n8B9XZ8Tc', '2022-07-12 16:02:33', '2022-07-12 16:02:33'),
	(6, 3, '자바스크립트 참고 영상', 'ㅎㅎ', 'https://www.youtube.com/embed/QTkZgueG2VA', '2022-07-12 16:50:50', '2022-07-12 16:51:10');
/*!40000 ALTER TABLE `subject_video` ENABLE KEYS */;

-- 테이블 lms.survey 구조 내보내기
CREATE TABLE IF NOT EXISTS `survey` (
  `survey_no` int(11) NOT NULL AUTO_INCREMENT,
  `subject_no` int(11) NOT NULL,
  `survey_question` varchar(200) NOT NULL,
  `create_date` datetime NOT NULL,
  `update_date` datetime NOT NULL,
  PRIMARY KEY (`survey_no`),
  KEY `FK_survey_subject` (`subject_no`),
  CONSTRAINT `FK_survey_subject` FOREIGN KEY (`subject_no`) REFERENCES `subject` (`subject_no`) ON DELETE NO ACTION ON UPDATE NO ACTION
) ENGINE=InnoDB AUTO_INCREMENT=10 DEFAULT CHARSET=utf8;

-- 테이블 데이터 lms.survey:~2 rows (대략적) 내보내기
/*!40000 ALTER TABLE `survey` DISABLE KEYS */;
INSERT INTO `survey` (`survey_no`, `subject_no`, `survey_question`, `create_date`, `update_date`) VALUES
	(8, 2, '수업은 만족하나요??', '2022-07-12 15:51:47', '2022-07-12 15:51:47'),
	(9, 2, '수업내용은 어떤가요??', '2022-07-12 15:52:15', '2022-07-12 15:52:15');
/*!40000 ALTER TABLE `survey` ENABLE KEYS */;

-- 테이블 lms.survey_result 구조 내보내기
CREATE TABLE IF NOT EXISTS `survey_result` (
  `survey_no` int(11) NOT NULL,
  `member_id` varchar(50) NOT NULL,
  `result` enum('1','2','3','4','5') NOT NULL,
  `create_date` datetime NOT NULL,
  `update_date` datetime NOT NULL,
  PRIMARY KEY (`survey_no`,`member_id`),
  CONSTRAINT `FK_survey_result_survey` FOREIGN KEY (`survey_no`) REFERENCES `survey` (`survey_no`) ON DELETE NO ACTION ON UPDATE NO ACTION
) ENGINE=InnoDB DEFAULT CHARSET=utf8;

-- 테이블 데이터 lms.survey_result:~0 rows (대략적) 내보내기
/*!40000 ALTER TABLE `survey_result` DISABLE KEYS */;
INSERT INTO `survey_result` (`survey_no`, `member_id`, `result`, `create_date`, `update_date`) VALUES
	(8, 'kwaktube', '2', '2022-07-12 16:16:52', '2022-07-12 16:16:52'),
	(8, 'panibottle', '4', '2022-07-12 16:15:55', '2022-07-12 16:15:55'),
	(8, 'realkim', '1', '2022-07-12 16:21:15', '2022-07-12 16:21:15'),
	(8, 'student', '1', '2022-07-12 16:15:36', '2022-07-12 16:15:36'),
	(9, 'kwaktube', '3', '2022-07-12 16:16:52', '2022-07-12 16:16:52'),
	(9, 'panibottle', '4', '2022-07-12 16:15:55', '2022-07-12 16:15:55'),
	(9, 'realkim', '2', '2022-07-12 16:21:15', '2022-07-12 16:21:15'),
	(9, 'student', '2', '2022-07-12 16:15:36', '2022-07-12 16:15:36');
/*!40000 ALTER TABLE `survey_result` ENABLE KEYS */;

-- 테이블 lms.teacher 구조 내보내기
CREATE TABLE IF NOT EXISTS `teacher` (
  `member_id` varchar(50) NOT NULL,
  `teacher_name` varchar(50) NOT NULL,
  `teacher_phone` varchar(50) NOT NULL,
  `teacher_address` varchar(200) NOT NULL,
  `teacher_gender` enum('남','여') NOT NULL,
  `teacher_detailaddress` varchar(50) NOT NULL,
  `teacher_email` varchar(50) NOT NULL,
  `teacher_join` date NOT NULL,
  `update_date` datetime NOT NULL,
  PRIMARY KEY (`member_id`)
) ENGINE=InnoDB DEFAULT CHARSET=utf8;

-- 테이블 데이터 lms.teacher:~9 rows (대략적) 내보내기
/*!40000 ALTER TABLE `teacher` DISABLE KEYS */;
INSERT INTO `teacher` (`member_id`, `teacher_name`, `teacher_phone`, `teacher_address`, `teacher_gender`, `teacher_detailaddress`, `teacher_email`, `teacher_join`, `update_date`) VALUES
	('american', '김미국', '01098543112', '경상남도남해군이동면용소리1605', '여', '392-1 1층(비밀번호11111111)', 'usa@nate.com', '2022-06-29', '2022-07-12 17:13:44'),
	('bahbhae12', '추확삼', '01055873698', '부산광역시해운대구중동1483-6추리문학관', '남', '230-3', 'djcnwl@gmail.com', '2022-01-12', '2022-07-12 17:12:55'),
	('imtae', '나강사', '01055987586', '경상북도구미시산동읍성수리447-1성수1리마을회관', '여', '163-3', 'teatvh@nate.com', '2022-02-12', '2022-07-12 15:31:00'),
	('teacher', '강해상', '01048857457', '경기도수원시영통구영통동1034-14영통동빌딩', '남', 'asdf1234', 'KHS1234@gmail.com', '2022-02-11', '2022-07-12 15:37:27'),
	('teacher00', '박성환', '01012341234', '서울특별시구로구개봉동477개봉동대상아파트', '남', '2동', 'adas1@anver.com', '2022-06-26', '2022-07-12 15:25:16'),
	('teacher01', '이상준', '01012344321', '강원도철원군철원읍화지리407-7경상도상회', '남', '140호', 'ad123123s1@anver.com', '2022-01-13', '2022-07-12 15:26:05'),
	('teacher1', '마동석', '01015743254', '경기도수원시영통구영통동1154영통라온프라이빗', '남', 'asdf1234', 'mds1234@gmail.com', '2022-02-11', '2022-07-12 15:39:25'),
	('thectae111', '김청김', '01088744568', '서울특별시구로구구로동429-254진영빌라', '남', '202호', 'thesn@nate.com', '2022-04-27', '2022-07-12 15:28:19'),
	('yeiwp', '김포린', '01088874414', '전라북도정읍시수성동600-2정읍경찰서중앙지구대중앙지대', '여', '303호', 'porin11@nate.com', '2022-06-15', '2022-07-12 15:32:26');
/*!40000 ALTER TABLE `teacher` ENABLE KEYS */;

-- 테이블 lms.teacher_language 구조 내보내기
CREATE TABLE IF NOT EXISTS `teacher_language` (
  `language_no` int(11) NOT NULL,
  `member_id` varchar(50) NOT NULL,
  `update_date` datetime NOT NULL,
  PRIMARY KEY (`language_no`,`member_id`),
  KEY `FK_teacher_language_teacher` (`member_id`),
  CONSTRAINT `FK_teacher_language_language` FOREIGN KEY (`language_no`) REFERENCES `language` (`language_no`) ON DELETE NO ACTION ON UPDATE NO ACTION,
  CONSTRAINT `FK_teacher_language_teacher` FOREIGN KEY (`member_id`) REFERENCES `teacher` (`member_id`) ON DELETE NO ACTION ON UPDATE NO ACTION
) ENGINE=InnoDB DEFAULT CHARSET=utf8;

-- 테이블 데이터 lms.teacher_language:~8 rows (대략적) 내보내기
/*!40000 ALTER TABLE `teacher_language` DISABLE KEYS */;
INSERT INTO `teacher_language` (`language_no`, `member_id`, `update_date`) VALUES
	(1, 'american', '2022-07-12 17:13:44'),
	(1, 'bahbhae12', '2022-07-12 17:12:55'),
	(1, 'teacher', '2022-07-12 15:37:27'),
	(1, 'teacher00', '2022-07-12 15:25:16'),
	(1, 'teacher1', '2022-07-12 15:39:24'),
	(2, 'american', '2022-07-12 17:13:44'),
	(2, 'bahbhae12', '2022-07-12 17:12:55'),
	(2, 'teacher00', '2022-07-12 15:25:16'),
	(2, 'teacher1', '2022-07-12 15:39:24'),
	(3, 'teacher', '2022-07-12 15:37:27'),
	(3, 'teacher1', '2022-07-12 15:39:25'),
	(4, 'american', '2022-07-12 17:13:44'),
	(6, 'teacher1', '2022-07-12 15:39:25');
/*!40000 ALTER TABLE `teacher_language` ENABLE KEYS */;

/*!40101 SET SQL_MODE=IFNULL(@OLD_SQL_MODE, '') */;
/*!40014 SET FOREIGN_KEY_CHECKS=IFNULL(@OLD_FOREIGN_KEY_CHECKS, 1) */;
/*!40101 SET CHARACTER_SET_CLIENT=@OLD_CHARACTER_SET_CLIENT */;
/*!40111 SET SQL_NOTES=IFNULL(@OLD_SQL_NOTES, 1) */;
